workload_type,N,frame_capacity,algorithm,repetition,page_faults,page_hits,hit_ratio,execution_time_sec,switches_count,final_strategy,random_seed
high_locality,1000,3,FIFO,1,798,202,0.202,0.00019660001271404326,0,FIFO,42
high_locality,1000,3,FIFO,2,798,202,0.202,0.00017040001694113016,0,FIFO,42
high_locality,1000,3,FIFO,3,798,202,0.202,0.00016620001406408846,0,FIFO,42
high_locality,1000,3,FIFO,4,798,202,0.202,0.0001601999974809587,0,FIFO,42
high_locality,1000,3,FIFO,5,798,202,0.202,0.00015830001211725175,0,FIFO,42
high_locality,1000,3,LRU,1,798,202,0.202,0.00033039998379535973,0,LRU,42
high_locality,1000,3,LRU,2,798,202,0.202,0.00030780001543462276,0,LRU,42
high_locality,1000,3,LRU,3,798,202,0.202,0.00031540001509711146,0,LRU,42
high_locality,1000,3,LRU,4,798,202,0.202,0.00030980000155977905,0,LRU,42
high_locality,1000,3,LRU,5,798,202,0.202,0.000305499997921288,0,LRU,42
high_locality,1000,3,Optimal,1,604,396,0.396,0.0006457999988924712,0,Optimal,42
high_locality,1000,3,Optimal,2,604,396,0.396,0.0005950999911874533,0,Optimal,42
high_locality,1000,3,Optimal,3,604,396,0.396,0.0005973999795969576,0,Optimal,42
high_locality,1000,3,Optimal,4,604,396,0.396,0.0005955000233370811,0,Optimal,42
high_locality,1000,3,Optimal,5,604,396,0.396,0.0007791999960318208,0,Optimal,42
high_locality,1000,3,Clock,1,798,202,0.202,0.0012317000073380768,0,Clock,42
high_locality,1000,3,Clock,2,798,202,0.202,0.0006667999841738492,0,Clock,42
high_locality,1000,3,Clock,3,798,202,0.202,0.0007658000104129314,0,Clock,42
high_locality,1000,3,Clock,4,798,202,0.202,0.0007557000208180398,0,Clock,42
high_locality,1000,3,Clock,5,798,202,0.202,0.0007556999917142093,0,Clock,42
high_locality,1000,3,LFU,1,765,235,0.235,0.0011097999813500792,0,LFU,42
high_locality,1000,3,LFU,2,765,235,0.235,0.0010784000041894615,0,LFU,42
high_locality,1000,3,LFU,3,765,235,0.235,0.0011075999937020242,0,LFU,42
high_locality,1000,3,LFU,4,765,235,0.235,0.0011012000031769276,0,LFU,42
high_locality,1000,3,LFU,5,765,235,0.235,0.0010727000189945102,0,LFU,42
high_locality,1000,3,Adaptive_W50,1,798,202,0.202,0.0017139000119641423,0,LRU,42
high_locality,1000,3,Adaptive_W50,2,798,202,0.202,0.001341900002444163,0,LRU,42
high_locality,1000,3,Adaptive_W50,3,798,202,0.202,0.001268699998036027,0,LRU,42
high_locality,1000,3,Adaptive_W50,4,798,202,0.202,0.001216100004967302,0,LRU,42
high_locality,1000,3,Adaptive_W50,5,798,202,0.202,0.002726699982304126,0,LRU,42
high_locality,1000,3,Adaptive_W100,1,798,202,0.202,0.0018044000025838614,0,LRU,42
high_locality,1000,3,Adaptive_W100,2,798,202,0.202,0.0015962999896146357,0,LRU,42
high_locality,1000,3,Adaptive_W100,3,798,202,0.202,0.0014216000272426754,0,LRU,42
high_locality,1000,3,Adaptive_W100,4,798,202,0.202,0.001386400021146983,0,LRU,42
high_locality,1000,3,Adaptive_W100,5,798,202,0.202,0.0014174999960232526,0,LRU,42
high_locality,1000,5,FIFO,1,692,308,0.308,0.00023329997202381492,0,FIFO,42
high_locality,1000,5,FIFO,2,692,308,0.308,0.0002277999883517623,0,FIFO,42
high_locality,1000,5,FIFO,3,692,308,0.308,0.00021989998640492558,0,FIFO,42
high_locality,1000,5,FIFO,4,692,308,0.308,0.00021310002193786204,0,FIFO,42
high_locality,1000,5,FIFO,5,692,308,0.308,0.0002111000067088753,0,FIFO,42
high_locality,1000,5,LRU,1,687,313,0.313,0.00028559999191202223,0,LRU,42
high_locality,1000,5,LRU,2,687,313,0.313,0.0002795000036712736,0,LRU,42
high_locality,1000,5,LRU,3,687,313,0.313,0.0002696000155992806,0,LRU,42
high_locality,1000,5,LRU,4,687,313,0.313,0.0002714000002015382,0,LRU,42
high_locality,1000,5,LRU,5,687,313,0.313,0.00026939998497255147,0,LRU,42
high_locality,1000,5,Optimal,1,442,558,0.558,0.0006584999791812152,0,Optimal,42
high_locality,1000,5,Optimal,2,442,558,0.558,0.0006427000043913722,0,Optimal,42
high_locality,1000,5,Optimal,3,442,558,0.558,0.0006245000113267452,0,Optimal,42
high_locality,1000,5,Optimal,4,442,558,0.558,0.0006188999977894127,0,Optimal,42
high_locality,1000,5,Optimal,5,442,558,0.558,0.0006328999879769981,0,Optimal,42
high_locality,1000,5,Clock,1,691,309,0.309,0.0011373000161256641,0,Clock,42
high_locality,1000,5,Clock,2,691,309,0.309,0.0010956000187434256,0,Clock,42
high_locality,1000,5,Clock,3,691,309,0.309,0.0013984999968670309,0,Clock,42
high_locality,1000,5,Clock,4,691,309,0.309,0.0013228000025264919,0,Clock,42
high_locality,1000,5,Clock,5,691,309,0.309,0.0009123999916482717,0,Clock,42
high_locality,1000,5,LFU,1,610,390,0.39,0.0011389999999664724,0,LFU,42
high_locality,1000,5,LFU,2,610,390,0.39,0.0011357000039424747,0,LFU,42
high_locality,1000,5,LFU,3,610,390,0.39,0.0011270999966654927,0,LFU,42
high_locality,1000,5,LFU,4,610,390,0.39,0.00114229999599047,0,LFU,42
high_locality,1000,5,LFU,5,610,390,0.39,0.0012798999960068613,0,LFU,42
high_locality,1000,5,Adaptive_W50,1,687,313,0.313,0.0016215000068768859,0,LRU,42
high_locality,1000,5,Adaptive_W50,2,687,313,0.313,0.001507199980551377,0,LRU,42
high_locality,1000,5,Adaptive_W50,3,687,313,0.313,0.0013595999917015433,0,LRU,42
high_locality,1000,5,Adaptive_W50,4,687,313,0.313,0.0018847000028472394,0,LRU,42
high_locality,1000,5,Adaptive_W50,5,687,313,0.313,0.0015448000049218535,0,LRU,42
high_locality,1000,5,Adaptive_W100,1,687,313,0.313,0.0013765000039711595,0,LRU,42
high_locality,1000,5,Adaptive_W100,2,687,313,0.313,0.0013678999966941774,0,LRU,42
high_locality,1000,5,Adaptive_W100,3,687,313,0.313,0.0013642999983858317,0,LRU,42
high_locality,1000,5,Adaptive_W100,4,687,313,0.313,0.001357000001007691,0,LRU,42
high_locality,1000,5,Adaptive_W100,5,687,313,0.313,0.0013346000050660223,0,LRU,42
high_locality,1000,8,FIFO,1,548,452,0.452,0.0002235999854747206,0,FIFO,42
high_locality,1000,8,FIFO,2,548,452,0.452,0.0002125999890267849,0,FIFO,42
high_locality,1000,8,FIFO,3,548,452,0.452,0.00020829998538829386,0,FIFO,42
high_locality,1000,8,FIFO,4,548,452,0.452,0.00020310000400058925,0,FIFO,42
high_locality,1000,8,FIFO,5,548,452,0.452,0.00019940000493079424,0,FIFO,42
high_locality,1000,8,LRU,1,524,476,0.476,0.00024659998598508537,0,LRU,42
high_locality,1000,8,LRU,2,524,476,0.476,0.0002389000146649778,0,LRU,42
high_locality,1000,8,LRU,3,524,476,0.476,0.00024330001906491816,0,LRU,42
high_locality,1000,8,LRU,4,524,476,0.476,0.00022270000772550702,0,LRU,42
high_locality,1000,8,LRU,5,524,476,0.476,0.00022109999554231763,0,LRU,42
high_locality,1000,8,Optimal,1,291,709,0.709,0.0005982999864500016,0,Optimal,42
high_locality,1000,8,Optimal,2,291,709,0.709,0.0005513000069186091,0,Optimal,42
high_locality,1000,8,Optimal,3,291,709,0.709,0.0005378999921958894,0,Optimal,42
high_locality,1000,8,Optimal,4,291,709,0.709,0.0005178000137675554,0,Optimal,42
high_locality,1000,8,Optimal,5,291,709,0.709,0.000502600014442578,0,Optimal,42
high_locality,1000,8,Clock,1,535,465,0.465,0.0007194999780040234,0,Clock,42
high_locality,1000,8,Clock,2,535,465,0.465,0.0017870999872684479,0,Clock,42
high_locality,1000,8,Clock,3,535,465,0.465,0.0009526000067126006,0,Clock,42
high_locality,1000,8,Clock,4,535,465,0.465,0.0009526999783702195,0,Clock,42
high_locality,1000,8,Clock,5,535,465,0.465,0.0009131999977398664,0,Clock,42
high_locality,1000,8,LFU,1,385,615,0.615,0.001261900004465133,0,LFU,42
high_locality,1000,8,LFU,2,385,615,0.615,0.001217999990331009,0,LFU,42
high_locality,1000,8,LFU,3,385,615,0.615,0.0011639000149443746,0,LFU,42
high_locality,1000,8,LFU,4,385,615,0.615,0.0010156999924220145,0,LFU,42
high_locality,1000,8,LFU,5,385,615,0.615,0.0010109000140801072,0,LFU,42
high_locality,1000,8,Adaptive_W50,1,524,476,0.476,0.0015488000062759966,0,LRU,42
high_locality,1000,8,Adaptive_W50,2,524,476,0.476,0.0014717000012751669,0,LRU,42
high_locality,1000,8,Adaptive_W50,3,524,476,0.476,0.0014381999790202826,0,LRU,42
high_locality,1000,8,Adaptive_W50,4,524,476,0.476,0.0014485000283457339,0,LRU,42
high_locality,1000,8,Adaptive_W50,5,524,476,0.476,0.0020508999878074974,0,LRU,42
high_locality,1000,8,Adaptive_W100,1,524,476,0.476,0.001406199997290969,0,LRU,42
high_locality,1000,8,Adaptive_W100,2,524,476,0.476,0.0014971999917179346,0,LRU,42
high_locality,1000,8,Adaptive_W100,3,524,476,0.476,0.0013116000045556575,0,LRU,42
high_locality,1000,8,Adaptive_W100,4,524,476,0.476,0.0013025000225752592,0,LRU,42
high_locality,1000,8,Adaptive_W100,5,524,476,0.476,0.0012832999927923083,0,LRU,42
high_locality,5000,3,FIFO,1,4071,929,0.1858,0.0011057000083383173,0,FIFO,42
high_locality,5000,3,FIFO,2,4071,929,0.1858,0.001108399999793619,0,FIFO,42
high_locality,5000,3,FIFO,3,4071,929,0.1858,0.001046899997163564,0,FIFO,42
high_locality,5000,3,FIFO,4,4071,929,0.1858,0.0010822999756783247,0,FIFO,42
high_locality,5000,3,FIFO,5,4071,929,0.1858,0.0010429999965708703,0,FIFO,42
high_locality,5000,3,LRU,1,4070,930,0.186,0.001580999989528209,0,LRU,42
high_locality,5000,3,LRU,2,4070,930,0.186,0.0018717999919317663,0,LRU,42
high_locality,5000,3,LRU,3,4070,930,0.186,0.00202089999220334,0,LRU,42
high_locality,5000,3,LRU,4,4070,930,0.186,0.003249600005801767,0,LRU,42
high_locality,5000,3,LRU,5,4070,930,0.186,0.001811399997677654,0,LRU,42
high_locality,5000,3,Optimal,1,3016,1984,0.3968,0.0036600000166799873,0,Optimal,42
high_locality,5000,3,Optimal,2,3016,1984,0.3968,0.0029064000118523836,0,Optimal,42
high_locality,5000,3,Optimal,3,3016,1984,0.3968,0.004161499993642792,0,Optimal,42
high_locality,5000,3,Optimal,4,3016,1984,0.3968,0.003956000000471249,0,Optimal,42
high_locality,5000,3,Optimal,5,3016,1984,0.3968,0.003183199994964525,0,Optimal,42
high_locality,5000,3,Clock,1,4062,938,0.1876,0.003617500013206154,0,Clock,42
high_locality,5000,3,Clock,2,4062,938,0.1876,0.004010600008768961,0,Clock,42
high_locality,5000,3,Clock,3,4062,938,0.1876,0.004626000009011477,0,Clock,42
high_locality,5000,3,Clock,4,4062,938,0.1876,0.004066199995577335,0,Clock,42
high_locality,5000,3,Clock,5,4062,938,0.1876,0.0032888000132516026,0,Clock,42
high_locality,5000,3,LFU,1,3861,1139,0.2278,0.004949200025293976,0,LFU,42
high_locality,5000,3,LFU,2,3861,1139,0.2278,0.004476400004932657,0,LFU,42
high_locality,5000,3,LFU,3,3861,1139,0.2278,0.004406599997309968,0,LFU,42
high_locality,5000,3,LFU,4,3861,1139,0.2278,0.004738299991004169,0,LFU,42
high_locality,5000,3,LFU,5,3861,1139,0.2278,0.00525959997321479,0,LFU,42
high_locality,5000,3,Adaptive_W50,1,4070,930,0.186,0.011488199990708381,0,LRU,42
high_locality,5000,3,Adaptive_W50,2,4070,930,0.186,0.007286100008059293,0,LRU,42
high_locality,5000,3,Adaptive_W50,3,4070,930,0.186,0.007871400011936203,0,LRU,42
high_locality,5000,3,Adaptive_W50,4,4070,930,0.186,0.008583399991039187,0,LRU,42
high_locality,5000,3,Adaptive_W50,5,4070,930,0.186,0.008017799991648644,0,LRU,42
high_locality,5000,3,Adaptive_W100,1,4070,930,0.186,0.007559899997431785,0,LRU,42
high_locality,5000,3,Adaptive_W100,2,4070,930,0.186,0.00762140000006184,0,LRU,42
high_locality,5000,3,Adaptive_W100,3,4070,930,0.186,0.006608099996810779,0,LRU,42
high_locality,5000,3,Adaptive_W100,4,4070,930,0.186,0.009625400009099394,0,LRU,42
high_locality,5000,3,Adaptive_W100,5,4070,930,0.186,0.0076938999991398305,0,LRU,42
high_locality,5000,5,FIFO,1,3495,1505,0.301,0.001185900007840246,0,FIFO,42
high_locality,5000,5,FIFO,2,3495,1505,0.301,0.0009232000156771392,0,FIFO,42
high_locality,5000,5,FIFO,3,3495,1505,0.301,0.0011882999970111996,0,FIFO,42
high_locality,5000,5,FIFO,4,3495,1505,0.301,0.0012531000247690827,0,FIFO,42
high_locality,5000,5,FIFO,5,3495,1505,0.301,0.0009775999933481216,0,FIFO,42
high_locality,5000,5,LRU,1,3458,1542,0.3084,0.001133699988713488,0,LRU,42
high_locality,5000,5,LRU,2,3458,1542,0.3084,0.0010910999844782054,0,LRU,42
high_locality,5000,5,LRU,3,3458,1542,0.3084,0.0010988999856635928,0,LRU,42
high_locality,5000,5,LRU,4,3458,1542,0.3084,0.0011063000129070133,0,LRU,42
high_locality,5000,5,LRU,5,3458,1542,0.3084,0.0014640000008512288,0,LRU,42
high_locality,5000,5,Optimal,1,2167,2833,0.5666,0.0037375999963842332,0,Optimal,42
high_locality,5000,5,Optimal,2,2167,2833,0.5666,0.00315579999005422,0,Optimal,42
high_locality,5000,5,Optimal,3,2167,2833,0.5666,0.003230899979826063,0,Optimal,42
high_locality,5000,5,Optimal,4,2167,2833,0.5666,0.003161600005114451,0,Optimal,42
high_locality,5000,5,Optimal,5,2167,2833,0.5666,0.003154800011543557,0,Optimal,42
high_locality,5000,5,Clock,1,3494,1506,0.3012,0.004293300007702783,0,Clock,42
high_locality,5000,5,Clock,2,3494,1506,0.3012,0.004634899989468977,0,Clock,42
high_locality,5000,5,Clock,3,3494,1506,0.3012,0.004209500009892508,0,Clock,42
high_locality,5000,5,Clock,4,3494,1506,0.3012,0.004008799995062873,0,Clock,42
high_locality,5000,5,Clock,5,3494,1506,0.3012,0.0048337000189349055,0,Clock,42
high_locality,5000,5,LFU,1,3083,1917,0.3834,0.005507499998202547,0,LFU,42
high_locality,5000,5,LFU,2,3083,1917,0.3834,0.005043699988164008,0,LFU,42
high_locality,5000,5,LFU,3,3083,1917,0.3834,0.00615170001401566,0,LFU,42
high_locality,5000,5,LFU,4,3083,1917,0.3834,0.006552899983944371,0,LFU,42
high_locality,5000,5,LFU,5,3083,1917,0.3834,0.0049208999844267964,0,LFU,42
high_locality,5000,5,Adaptive_W50,1,3458,1542,0.3084,0.0105772000097204,0,LRU,42
high_locality,5000,5,Adaptive_W50,2,3458,1542,0.3084,0.0077843999897595495,0,LRU,42
high_locality,5000,5,Adaptive_W50,3,3458,1542,0.3084,0.007796499994583428,0,LRU,42
high_locality,5000,5,Adaptive_W50,4,3458,1542,0.3084,0.006669700000202283,0,LRU,42
high_locality,5000,5,Adaptive_W50,5,3458,1542,0.3084,0.007866600004490465,0,LRU,42
high_locality,5000,5,Adaptive_W100,1,3458,1542,0.3084,0.006823900010203943,0,LRU,42
high_locality,5000,5,Adaptive_W100,2,3458,1542,0.3084,0.00753689999692142,0,LRU,42
high_locality,5000,5,Adaptive_W100,3,3458,1542,0.3084,0.006194999994477257,0,LRU,42
high_locality,5000,5,Adaptive_W100,4,3458,1542,0.3084,0.006974400021135807,0,LRU,42
high_locality,5000,5,Adaptive_W100,5,3458,1542,0.3084,0.006303000001935288,0,LRU,42
high_locality,5000,8,FIFO,1,2730,2270,0.454,0.0008705999935045838,0,FIFO,42
high_locality,5000,8,FIFO,2,2730,2270,0.454,0.0008699000172782689,0,FIFO,42
high_locality,5000,8,FIFO,3,2730,2270,0.454,0.0010529999854043126,0,FIFO,42
high_locality,5000,8,FIFO,4,2730,2270,0.454,0.001197699981275946,0,FIFO,42
high_locality,5000,8,FIFO,5,2730,2270,0.454,0.0011295000149402767,0,FIFO,42
high_locality,5000,8,LRU,1,2566,2434,0.4868,0.001222899998538196,0,LRU,42
high_locality,5000,8,LRU,2,2566,2434,0.4868,0.001209699985338375,0,LRU,42
high_locality,5000,8,LRU,3,2566,2434,0.4868,0.0014853999891784042,0,LRU,42
high_locality,5000,8,LRU,4,2566,2434,0.4868,0.0019460000039543957,0,LRU,42
high_locality,5000,8,LRU,5,2566,2434,0.4868,0.001404300011927262,0,LRU,42
high_locality,5000,8,Optimal,1,1374,3626,0.7252,0.0027105000044684857,0,Optimal,42
high_locality,5000,8,Optimal,2,1374,3626,0.7252,0.002518399996915832,0,Optimal,42
high_locality,5000,8,Optimal,3,1374,3626,0.7252,0.003321200027130544,0,Optimal,42
high_locality,5000,8,Optimal,4,1374,3626,0.7252,0.00311440002406016,0,Optimal,42
high_locality,5000,8,Optimal,5,1374,3626,0.7252,0.003444799978751689,0,Optimal,42
high_locality,5000,8,Clock,1,2634,2366,0.4732,0.003830400004517287,0,Clock,42
high_locality,5000,8,Clock,2,2634,2366,0.4732,0.004601199994795024,0,Clock,42
high_locality,5000,8,Clock,3,2634,2366,0.4732,0.00453519998700358,0,Clock,42
high_locality,5000,8,Clock,4,2634,2366,0.4732,0.004782400006661192,0,Clock,42
high_locality,5000,8,Clock,5,2634,2366,0.4732,0.003931299987016246,0,Clock,42
high_locality,5000,8,LFU,1,1959,3041,0.6082,0.005688200006261468,0,LFU,42
high_locality,5000,8,LFU,2,1959,3041,0.6082,0.005950399994617328,0,LFU,42
high_locality,5000,8,LFU,3,1959,3041,0.6082,0.004545000003417954,0,LFU,42
high_locality,5000,8,LFU,4,1959,3041,0.6082,0.006076699995901436,0,LFU,42
high_locality,5000,8,LFU,5,1959,3041,0.6082,0.006904100009705871,0,LFU,42
high_locality,5000,8,Adaptive_W50,1,2566,2434,0.4868,0.008220699994126335,0,LRU,42
high_locality,5000,8,Adaptive_W50,2,2566,2434,0.4868,0.008117099991068244,0,LRU,42
high_locality,5000,8,Adaptive_W50,3,2566,2434,0.4868,0.008813699998427182,0,LRU,42
high_locality,5000,8,Adaptive_W50,4,2566,2434,0.4868,0.007228400005260482,0,LRU,42
high_locality,5000,8,Adaptive_W50,5,2566,2434,0.4868,0.006332499993732199,0,LRU,42
high_locality,5000,8,Adaptive_W100,1,2566,2434,0.4868,0.005587699997704476,0,LRU,42
high_locality,5000,8,Adaptive_W100,2,2566,2434,0.4868,0.00660200000857003,0,LRU,42
high_locality,5000,8,Adaptive_W100,3,2566,2434,0.4868,0.006618500017793849,0,LRU,42
high_locality,5000,8,Adaptive_W100,4,2566,2434,0.4868,0.0070967999927233905,0,LRU,42
high_locality,5000,8,Adaptive_W100,5,2566,2434,0.4868,0.007375999994110316,0,LRU,42
high_locality,20000,3,FIFO,1,16285,3715,0.18575,0.004133500013267621,0,FIFO,42
high_locality,20000,3,FIFO,2,16285,3715,0.18575,0.004753299988806248,0,FIFO,42
high_locality,20000,3,FIFO,3,16285,3715,0.18575,0.005222299980232492,0,FIFO,42
high_locality,20000,3,FIFO,4,16285,3715,0.18575,0.004508700018050149,0,FIFO,42
high_locality,20000,3,FIFO,5,16285,3715,0.18575,0.004614900011802092,0,FIFO,42
high_locality,20000,3,LRU,1,16245,3755,0.18775,0.007241100014653057,0,LRU,42
high_locality,20000,3,LRU,2,16245,3755,0.18775,0.0056508000125177205,0,LRU,42
high_locality,20000,3,LRU,3,16245,3755,0.18775,0.0075499000085983425,0,LRU,42
high_locality,20000,3,LRU,4,16245,3755,0.18775,0.006127600005129352,0,LRU,42
high_locality,20000,3,LRU,5,16245,3755,0.18775,0.007095600012689829,0,LRU,42
high_locality,20000,3,Optimal,1,12102,7898,0.3949,0.011684299999615178,0,Optimal,42
high_locality,20000,3,Optimal,2,12102,7898,0.3949,0.01245889998972416,0,Optimal,42
high_locality,20000,3,Optimal,3,12102,7898,0.3949,0.012372600001981482,0,Optimal,42
high_locality,20000,3,Optimal,4,12102,7898,0.3949,0.012671600008616224,0,Optimal,42
high_locality,20000,3,Optimal,5,12102,7898,0.3949,0.013113199995132163,0,Optimal,42
high_locality,20000,3,Clock,1,16269,3731,0.18655,0.013610699999844655,0,Clock,42
high_locality,20000,3,Clock,2,16269,3731,0.18655,0.015328099980251864,0,Clock,42
high_locality,20000,3,Clock,3,16269,3731,0.18655,0.01471389998914674,0,Clock,42
high_locality,20000,3,Clock,4,16269,3731,0.18655,0.013323299994226545,0,Clock,42
high_locality,20000,3,Clock,5,16269,3731,0.18655,0.011475699982838705,0,Clock,42
high_locality,20000,3,LFU,1,15550,4450,0.2225,0.02460500001325272,0,LFU,42
high_locality,20000,3,LFU,2,15550,4450,0.2225,0.019676900003105402,0,LFU,42
high_locality,20000,3,LFU,3,15550,4450,0.2225,0.019895300007192418,0,LFU,42
high_locality,20000,3,LFU,4,15550,4450,0.2225,0.020669199991971254,0,LFU,42
high_locality,20000,3,LFU,5,15550,4450,0.2225,0.020556500006932765,0,LFU,42
high_locality,20000,3,Adaptive_W50,1,16244,3756,0.1878,0.03130360000068322,2,LRU,42
high_locality,20000,3,Adaptive_W50,2,16244,3756,0.1878,0.02737100000376813,2,LRU,42
high_locality,20000,3,Adaptive_W50,3,16244,3756,0.1878,0.030372600012924522,2,LRU,42
high_locality,20000,3,Adaptive_W50,4,16244,3756,0.1878,0.031157799996435642,2,LRU,42
high_locality,20000,3,Adaptive_W50,5,16244,3756,0.1878,0.031581299990648404,2,LRU,42
high_locality,20000,3,Adaptive_W100,1,16245,3755,0.18775,0.029562100011389703,0,LRU,42
high_locality,20000,3,Adaptive_W100,2,16245,3755,0.18775,0.02540070001850836,0,LRU,42
high_locality,20000,3,Adaptive_W100,3,16245,3755,0.18775,0.026075799978571013,0,LRU,42
high_locality,20000,3,Adaptive_W100,4,16245,3755,0.18775,0.026606400002492592,0,LRU,42
high_locality,20000,3,Adaptive_W100,5,16245,3755,0.18775,0.026466899988008663,0,LRU,42
high_locality,20000,5,FIFO,1,14036,5964,0.2982,0.0037140999920666218,0,FIFO,42
high_locality,20000,5,FIFO,2,14036,5964,0.2982,0.003556699986802414,0,FIFO,42
high_locality,20000,5,FIFO,3,14036,5964,0.2982,0.0050768000073730946,0,FIFO,42
high_locality,20000,5,FIFO,4,14036,5964,0.2982,0.004544499999610707,0,FIFO,42
high_locality,20000,5,FIFO,5,14036,5964,0.2982,0.004557000007480383,0,FIFO,42
high_locality,20000,5,LRU,1,13812,6188,0.3094,0.006411399983335286,0,LRU,42
high_locality,20000,5,LRU,2,13812,6188,0.3094,0.005821099999593571,0,LRU,42
high_locality,20000,5,LRU,3,13812,6188,0.3094,0.005520599981537089,0,LRU,42
high_locality,20000,5,LRU,4,13812,6188,0.3094,0.0054976000101305544,0,LRU,42
high_locality,20000,5,LRU,5,13812,6188,0.3094,0.005515799974091351,0,LRU,42
high_locality,20000,5,Optimal,1,8711,11289,0.56445,0.013227599993115291,0,Optimal,42
high_locality,20000,5,Optimal,2,8711,11289,0.56445,0.010854799998924136,0,Optimal,42
high_locality,20000,5,Optimal,3,8711,11289,0.56445,0.012560700008179992,0,Optimal,42
high_locality,20000,5,Optimal,4,8711,11289,0.56445,0.013834200013661757,0,Optimal,42
high_locality,20000,5,Optimal,5,8711,11289,0.56445,0.013885000022128224,0,Optimal,42
high_locality,20000,5,Clock,1,13992,6008,0.3004,0.014608800003770739,0,Clock,42
high_locality,20000,5,Clock,2,13992,6008,0.3004,0.01772599999094382,0,Clock,42
high_locality,20000,5,Clock,3,13992,6008,0.3004,0.017740300012519583,0,Clock,42
high_locality,20000,5,Clock,4,13992,6008,0.3004,0.01538799999980256,0,Clock,42
high_locality,20000,5,Clock,5,13992,6008,0.3004,0.015911800001049414,0,Clock,42
high_locality,20000,5,LFU,1,12373,7627,0.38135,0.02435190000687726,0,LFU,42
high_locality,20000,5,LFU,2,12373,7627,0.38135,0.022811700007878244,0,LFU,42
high_locality,20000,5,LFU,3,12373,7627,0.38135,0.02337539999280125,0,LFU,42
high_locality,20000,5,LFU,4,12373,7627,0.38135,0.02243869999074377,0,LFU,42
high_locality,20000,5,LFU,5,12373,7627,0.38135,0.024873599992133677,0,LFU,42
high_locality,20000,5,Adaptive_W50,1,13809,6191,0.30955,0.031862699979683384,2,LRU,42
high_locality,20000,5,Adaptive_W50,2,13809,6191,0.30955,0.025773700006539002,2,LRU,42
high_locality,20000,5,Adaptive_W50,3,13809,6191,0.30955,0.030004300002474338,2,LRU,42
high_locality,20000,5,Adaptive_W50,4,13809,6191,0.30955,0.029451000009430572,2,LRU,42
high_locality,20000,5,Adaptive_W50,5,13809,6191,0.30955,0.030228300020098686,2,LRU,42
high_locality,20000,5,Adaptive_W100,1,13812,6188,0.3094,0.022809999994933605,0,LRU,42
high_locality,20000,5,Adaptive_W100,2,13812,6188,0.3094,0.028262199979508296,0,LRU,42
high_locality,20000,5,Adaptive_W100,3,13812,6188,0.3094,0.026760000007925555,0,LRU,42
high_locality,20000,5,Adaptive_W100,4,13812,6188,0.3094,0.02761129999998957,0,LRU,42
high_locality,20000,5,Adaptive_W100,5,13812,6188,0.3094,0.027827099984278902,0,LRU,42
high_locality,20000,8,FIFO,1,10954,9046,0.4523,0.0043440999870654196,0,FIFO,42
high_locality,20000,8,FIFO,2,10954,9046,0.4523,0.004308999981731176,0,FIFO,42
high_locality,20000,8,FIFO,3,10954,9046,0.4523,0.004550399986328557,0,FIFO,42
high_locality,20000,8,FIFO,4,10954,9046,0.4523,0.004118999990168959,0,FIFO,42
high_locality,20000,8,FIFO,5,10954,9046,0.4523,0.0034601000079419464,0,FIFO,42
high_locality,20000,8,LRU,1,10327,9673,0.48365,0.0038930999871809036,0,LRU,42
high_locality,20000,8,LRU,2,10327,9673,0.48365,0.005239200021605939,0,LRU,42
high_locality,20000,8,LRU,3,10327,9673,0.48365,0.004936300014378503,0,LRU,42
high_locality,20000,8,LRU,4,10327,9673,0.48365,0.0038372999988496304,0,LRU,42
high_locality,20000,8,LRU,5,10327,9673,0.48365,0.0038254999963101,0,LRU,42
high_locality,20000,8,Optimal,1,5565,14435,0.72175,0.010970900009851903,0,Optimal,42
high_locality,20000,8,Optimal,2,5565,14435,0.72175,0.011007900000549853,0,Optimal,42
high_locality,20000,8,Optimal,3,5565,14435,0.72175,0.012320799985900521,0,Optimal,42
high_locality,20000,8,Optimal,4,5565,14435,0.72175,0.013000200007809326,0,Optimal,42
high_locality,20000,8,Optimal,5,5565,14435,0.72175,0.011974499997450039,0,Optimal,42
high_locality,20000,8,Clock,1,10692,9308,0.4654,0.016572100023040548,0,Clock,42
high_locality,20000,8,Clock,2,10692,9308,0.4654,0.01698510002461262,0,Clock,42
high_locality,20000,8,Clock,3,10692,9308,0.4654,0.016253700014203787,0,Clock,42
high_locality,20000,8,Clock,4,10692,9308,0.4654,0.016579899995122105,0,Clock,42
high_locality,20000,8,Clock,5,10692,9308,0.4654,0.014864299999317154,0,Clock,42
high_locality,20000,8,LFU,1,7826,12174,0.6087,0.017811500001698732,0,LFU,42
high_locality,20000,8,LFU,2,7826,12174,0.6087,0.019348900008480996,0,LFU,42
high_locality,20000,8,LFU,3,7826,12174,0.6087,0.018277800001669675,0,LFU,42
high_locality,20000,8,LFU,4,7826,12174,0.6087,0.02023430002736859,0,LFU,42
high_locality,20000,8,LFU,5,7826,12174,0.6087,0.01874249998945743,0,LFU,42
high_locality,20000,8,Adaptive_W50,1,10322,9678,0.4839,0.031068600015714765,2,LRU,42
high_locality,20000,8,Adaptive_W50,2,10322,9678,0.4839,0.030453799990937114,2,LRU,42
high_locality,20000,8,Adaptive_W50,3,10322,9678,0.4839,0.028079100011382252,2,LRU,42
high_locality,20000,8,Adaptive_W50,4,10322,9678,0.4839,0.030789699987508357,2,LRU,42
high_locality,20000,8,Adaptive_W50,5,10322,9678,0.4839,0.02967819999321364,2,LRU,42
high_locality,20000,8,Adaptive_W100,1,10327,9673,0.48365,0.023409799992805347,0,LRU,42
high_locality,20000,8,Adaptive_W100,2,10327,9673,0.48365,0.026477300008991733,0,LRU,42
high_locality,20000,8,Adaptive_W100,3,10327,9673,0.48365,0.02435150000383146,0,LRU,42
high_locality,20000,8,Adaptive_W100,4,10327,9673,0.48365,0.024925799982156605,0,LRU,42
high_locality,20000,8,Adaptive_W100,5,10327,9673,0.48365,0.021650999988196418,0,LRU,42
sequential,1000,3,FIFO,1,1000,0,0.0,0.00022289998014457524,0,FIFO,42
sequential,1000,3,FIFO,2,1000,0,0.0,0.00021009999909438193,0,FIFO,42
sequential,1000,3,FIFO,3,1000,0,0.0,0.00020629999926313758,0,FIFO,42
sequential,1000,3,FIFO,4,1000,0,0.0,0.00020260000019334257,0,FIFO,42
sequential,1000,3,FIFO,5,1000,0,0.0,0.0002018999948631972,0,FIFO,42
sequential,1000,3,LRU,1,1000,0,0.0,0.00033469998743385077,0,LRU,42
sequential,1000,3,LRU,2,1000,0,0.0,0.00031040000612847507,0,LRU,42
sequential,1000,3,LRU,3,1000,0,0.0,0.0003569999826140702,0,LRU,42
sequential,1000,3,LRU,4,1000,0,0.0,0.0004467999970074743,0,LRU,42
sequential,1000,3,LRU,5,1000,0,0.0,0.00037540000630542636,0,LRU,42
sequential,1000,3,Optimal,1,938,62,0.062,0.0007983999967109412,0,Optimal,42
sequential,1000,3,Optimal,2,938,62,0.062,0.0007766000053379685,0,Optimal,42
sequential,1000,3,Optimal,3,938,62,0.062,0.0007489999989047647,0,Optimal,42
sequential,1000,3,Optimal,4,938,62,0.062,0.0007394000131171197,0,Optimal,42
sequential,1000,3,Optimal,5,938,62,0.062,0.0007366999925579876,0,Optimal,42
sequential,1000,3,Clock,1,1000,0,0.0,0.0007276000105775893,0,Clock,42
sequential,1000,3,Clock,2,1000,0,0.0,0.0007095000182744116,0,Clock,42
sequential,1000,3,Clock,3,1000,0,0.0,0.0006996000010985881,0,Clock,42
sequential,1000,3,Clock,4,1000,0,0.0,0.0007192000048235059,0,Clock,42
sequential,1000,3,Clock,5,1000,0,0.0,0.0008888000156730413,0,Clock,42
sequential,1000,3,LFU,1,1000,0,0.0,0.0012809000036213547,0,LFU,42
sequential,1000,3,LFU,2,1000,0,0.0,0.001243700011400506,0,LFU,42
sequential,1000,3,LFU,3,1000,0,0.0,0.0012470000074245036,0,LFU,42
sequential,1000,3,LFU,4,1000,0,0.0,0.0015662999940104783,0,LFU,42
sequential,1000,3,LFU,5,1000,0,0.0,0.001627000019652769,0,LFU,42
sequential,1000,3,Adaptive_W50,1,1000,0,0.0,0.0032842000073287636,12,LRU,42
sequential,1000,3,Adaptive_W50,2,1000,0,0.0,0.0026738999877125025,12,LRU,42
sequential,1000,3,Adaptive_W50,3,1000,0,0.0,0.0019278000108897686,12,LRU,42
sequential,1000,3,Adaptive_W50,4,1000,0,0.0,0.0028637000068556517,12,LRU,42
sequential,1000,3,Adaptive_W50,5,1000,0,0.0,0.003355099994223565,12,LRU,42
sequential,1000,3,Adaptive_W100,1,1000,0,0.0,0.001600699994014576,0,LRU,42
sequential,1000,3,Adaptive_W100,2,1000,0,0.0,0.001186200010124594,0,LRU,42
sequential,1000,3,Adaptive_W100,3,1000,0,0.0,0.0011566999892238528,0,LRU,42
sequential,1000,3,Adaptive_W100,4,1000,0,0.0,0.0011203000030945987,0,LRU,42
sequential,1000,3,Adaptive_W100,5,1000,0,0.0,0.0011289999820291996,0,LRU,42
sequential,1000,5,FIFO,1,995,5,0.005,0.00017809998826123774,0,FIFO,42
sequential,1000,5,FIFO,2,995,5,0.005,0.00016850000247359276,0,FIFO,42
sequential,1000,5,FIFO,3,995,5,0.005,0.00016580001101829112,0,FIFO,42
sequential,1000,5,FIFO,4,995,5,0.005,0.0001635999942664057,0,FIFO,42
sequential,1000,5,FIFO,5,995,5,0.005,0.00017060001846402884,0,FIFO,42
sequential,1000,5,LRU,1,995,5,0.005,0.00025159999495372176,0,LRU,42
sequential,1000,5,LRU,2,995,5,0.005,0.0002437999937683344,0,LRU,42
sequential,1000,5,LRU,3,995,5,0.005,0.0002429000160191208,0,LRU,42
sequential,1000,5,LRU,4,995,5,0.005,0.0002415000053588301,0,LRU,42
sequential,1000,5,LRU,5,995,5,0.005,0.00024250001297332346,0,LRU,42
sequential,1000,5,Optimal,1,883,117,0.117,0.0008110000053420663,0,Optimal,42
sequential,1000,5,Optimal,2,883,117,0.117,0.0007838000019546598,0,Optimal,42
sequential,1000,5,Optimal,3,883,117,0.117,0.0007834999996703118,0,Optimal,42
sequential,1000,5,Optimal,4,883,117,0.117,0.001368099998217076,0,Optimal,42
sequential,1000,5,Optimal,5,883,117,0.117,0.0010332999809179455,0,Optimal,42
sequential,1000,5,Clock,1,995,5,0.005,0.0010121999948751181,0,Clock,42
sequential,1000,5,Clock,2,995,5,0.005,0.0008933999924920499,0,Clock,42
sequential,1000,5,Clock,3,995,5,0.005,0.0008686999790370464,0,Clock,42
sequential,1000,5,Clock,4,995,5,0.005,0.0008700999896973372,0,Clock,42
sequential,1000,5,Clock,5,995,5,0.005,0.0008792000007815659,0,Clock,42
sequential,1000,5,LFU,1,987,13,0.013,0.002039600018179044,0,LFU,42
sequential,1000,5,LFU,2,987,13,0.013,0.0017043999978341162,0,LFU,42
sequential,1000,5,LFU,3,987,13,0.013,0.0016824000049382448,0,LFU,42
sequential,1000,5,LFU,4,987,13,0.013,0.0017214000108651817,0,LFU,42
sequential,1000,5,LFU,5,987,13,0.013,0.0017859000072348863,0,LFU,42
sequential,1000,5,Adaptive_W50,1,995,5,0.005,0.0024514000106137246,12,LRU,42
sequential,1000,5,Adaptive_W50,2,995,5,0.005,0.001933799998369068,12,LRU,42
sequential,1000,5,Adaptive_W50,3,995,5,0.005,0.0020835000032093376,12,LRU,42
sequential,1000,5,Adaptive_W50,4,995,5,0.005,0.0018998000014107674,12,LRU,42
sequential,1000,5,Adaptive_W50,5,995,5,0.005,0.0018933000101242214,12,LRU,42
sequential,1000,5,Adaptive_W100,1,995,5,0.005,0.0014359999913722277,0,LRU,42
sequential,1000,5,Adaptive_W100,2,995,5,0.005,0.001390100020216778,0,LRU,42
sequential,1000,5,Adaptive_W100,3,995,5,0.005,0.0017050000024028122,0,LRU,42
sequential,1000,5,Adaptive_W100,4,995,5,0.005,0.001443799992557615,0,LRU,42
sequential,1000,5,Adaptive_W100,5,995,5,0.005,0.001973700011149049,0,LRU,42
sequential,1000,8,FIFO,1,974,26,0.026,0.00029260001610964537,0,FIFO,42
sequential,1000,8,FIFO,2,974,26,0.026,0.0002576999831944704,0,FIFO,42
sequential,1000,8,FIFO,3,974,26,0.026,0.0003087999939452857,0,FIFO,42
sequential,1000,8,FIFO,4,974,26,0.026,0.0002246999938506633,0,FIFO,42
sequential,1000,8,FIFO,5,974,26,0.026,0.00025060001644305885,0,FIFO,42
sequential,1000,8,LRU,1,974,26,0.026,0.0003389999910723418,0,LRU,42
sequential,1000,8,LRU,2,974,26,0.026,0.0003279999946244061,0,LRU,42
sequential,1000,8,LRU,3,974,26,0.026,0.00032560000545345247,0,LRU,42
sequential,1000,8,LRU,4,974,26,0.026,0.0003300999815110117,0,LRU,42
sequential,1000,8,LRU,5,974,26,0.026,0.00032599997939541936,0,LRU,42
sequential,1000,8,Optimal,1,806,194,0.194,0.0021532000100705773,0,Optimal,42
sequential,1000,8,Optimal,2,806,194,0.194,0.001275100017664954,0,Optimal,42
sequential,1000,8,Optimal,3,806,194,0.194,0.001186500012408942,0,Optimal,42
sequential,1000,8,Optimal,4,806,194,0.194,0.0011058000090997666,0,Optimal,42
sequential,1000,8,Optimal,5,806,194,0.194,0.0010276999964844435,0,Optimal,42
sequential,1000,8,Clock,1,974,26,0.026,0.0008644000045023859,0,Clock,42
sequential,1000,8,Clock,2,974,26,0.026,0.0009123999916482717,0,Clock,42
sequential,1000,8,Clock,3,974,26,0.026,0.0008791000000201166,0,Clock,42
sequential,1000,8,Clock,4,974,26,0.026,0.0008813999884296209,0,Clock,42
sequential,1000,8,Clock,5,974,26,0.026,0.0009190000128000975,0,Clock,42
sequential,1000,8,LFU,1,854,146,0.146,0.0030328999855555594,0,LFU,42
sequential,1000,8,LFU,2,854,146,0.146,0.002124899998307228,0,LFU,42
sequential,1000,8,LFU,3,854,146,0.146,0.0015864000015426427,0,LFU,42
sequential,1000,8,LFU,4,854,146,0.146,0.002127900021150708,0,LFU,42
sequential,1000,8,LFU,5,854,146,0.146,0.0022415000130422413,0,LFU,42
sequential,1000,8,Adaptive_W50,1,974,26,0.026,0.0021321999956853688,12,LRU,42
sequential,1000,8,Adaptive_W50,2,974,26,0.026,0.0020908000005874783,12,LRU,42
sequential,1000,8,Adaptive_W50,3,974,26,0.026,0.002064600004814565,12,LRU,42
sequential,1000,8,Adaptive_W50,4,974,26,0.026,0.0019834999984595925,12,LRU,42
sequential,1000,8,Adaptive_W50,5,974,26,0.026,0.001875399990240112,12,LRU,42
sequential,1000,8,Adaptive_W100,1,974,26,0.026,0.0014270999818108976,0,LRU,42
sequential,1000,8,Adaptive_W100,2,974,26,0.026,0.0013944999955128878,0,LRU,42
sequential,1000,8,Adaptive_W100,3,974,26,0.026,0.001396300009218976,0,LRU,42
sequential,1000,8,Adaptive_W100,4,974,26,0.026,0.0013775999832432717,0,LRU,42
sequential,1000,8,Adaptive_W100,5,974,26,0.026,0.0012706999841611832,0,LRU,42
sequential,5000,3,FIFO,1,4983,17,0.0034,0.0012413999938871711,0,FIFO,42
sequential,5000,3,FIFO,2,4983,17,0.0034,0.0015236999897751957,0,FIFO,42
sequential,5000,3,FIFO,3,4983,17,0.0034,0.0011653999972622842,0,FIFO,42
sequential,5000,3,FIFO,4,4983,17,0.0034,0.001126299990573898,0,FIFO,42
sequential,5000,3,FIFO,5,4983,17,0.0034,0.0010235999943688512,0,FIFO,42
sequential,5000,3,LRU,1,4983,17,0.0034,0.0015650999848730862,0,LRU,42
sequential,5000,3,LRU,2,4983,17,0.0034,0.0015445000026375055,0,LRU,42
sequential,5000,3,LRU,3,4983,17,0.0034,0.0015474999963771552,0,LRU,42
sequential,5000,3,LRU,4,4983,17,0.0034,0.0015585999935865402,0,LRU,42
sequential,5000,3,LRU,5,4983,17,0.0034,0.0015571999829262495,0,LRU,42
sequential,5000,3,Optimal,1,4695,305,0.061,0.0038422999787144363,0,Optimal,42
sequential,5000,3,Optimal,2,4695,305,0.061,0.005342099990230054,0,Optimal,42
sequential,5000,3,Optimal,3,4695,305,0.061,0.005020700016757473,0,Optimal,42
sequential,5000,3,Optimal,4,4695,305,0.061,0.0037034999986644834,0,Optimal,42
sequential,5000,3,Optimal,5,4695,305,0.061,0.003185800014762208,0,Optimal,42
sequential,5000,3,Clock,1,4983,17,0.0034,0.0034269999887328595,0,Clock,42
sequential,5000,3,Clock,2,4983,17,0.0034,0.004095299984328449,0,Clock,42
sequential,5000,3,Clock,3,4983,17,0.0034,0.0028705000004265457,0,Clock,42
sequential,5000,3,Clock,4,4983,17,0.0034,0.002887500013457611,0,Clock,42
sequential,5000,3,Clock,5,4983,17,0.0034,0.002827299991622567,0,Clock,42
sequential,5000,3,LFU,1,4849,151,0.0302,0.006011899997247383,0,LFU,42
sequential,5000,3,LFU,2,4849,151,0.0302,0.006553799990797415,0,LFU,42
sequential,5000,3,LFU,3,4849,151,0.0302,0.00636210001539439,0,LFU,42
sequential,5000,3,LFU,4,4849,151,0.0302,0.006265600008191541,0,LFU,42
sequential,5000,3,LFU,5,4849,151,0.0302,0.0051583999884314835,0,LFU,42
sequential,5000,3,Adaptive_W50,1,4983,17,0.0034,0.009511300013400614,75,Clock,42
sequential,5000,3,Adaptive_W50,2,4983,17,0.0034,0.007808199996361509,75,Clock,42
sequential,5000,3,Adaptive_W50,3,4983,17,0.0034,0.008569199999328703,75,Clock,42
sequential,5000,3,Adaptive_W50,4,4983,17,0.0034,0.009540700004436076,75,Clock,42
sequential,5000,3,Adaptive_W50,5,4983,17,0.0034,0.009753799997270107,75,Clock,42
sequential,5000,3,Adaptive_W100,1,4983,17,0.0034,0.00799470001948066,0,LRU,42
sequential,5000,3,Adaptive_W100,2,4983,17,0.0034,0.007688999990932643,0,LRU,42
sequential,5000,3,Adaptive_W100,3,4983,17,0.0034,0.00671760001569055,0,LRU,42
sequential,5000,3,Adaptive_W100,4,4983,17,0.0034,0.006408399989595637,0,LRU,42
sequential,5000,3,Adaptive_W100,5,4983,17,0.0034,0.005900199990719557,0,LRU,42
sequential,5000,5,FIFO,1,4964,36,0.0072,0.0008385000110138208,0,FIFO,42
sequential,5000,5,FIFO,2,4964,36,0.0072,0.0008108000038191676,0,FIFO,42
sequential,5000,5,FIFO,3,4964,36,0.0072,0.0009064000041689724,0,FIFO,42
sequential,5000,5,FIFO,4,4964,36,0.0072,0.0008132999937515706,0,FIFO,42
sequential,5000,5,FIFO,5,4964,36,0.0072,0.0008224000048357993,0,FIFO,42
sequential,5000,5,LRU,1,4962,38,0.0076,0.0012439999845810235,0,LRU,42
sequential,5000,5,LRU,2,4962,38,0.0076,0.0012234000023454428,0,LRU,42
sequential,5000,5,LRU,3,4962,38,0.0076,0.0012017000117339194,0,LRU,42
sequential,5000,5,LRU,4,4962,38,0.0076,0.001696800027275458,0,LRU,42
sequential,5000,5,LRU,5,4962,38,0.0076,0.0012008000048808753,0,LRU,42
sequential,5000,5,Optimal,1,4431,569,0.1138,0.004009800002677366,0,Optimal,42
sequential,5000,5,Optimal,2,4431,569,0.1138,0.0038886000111233443,0,Optimal,42
sequential,5000,5,Optimal,3,4431,569,0.1138,0.004101700003957376,0,Optimal,42
sequential,5000,5,Optimal,4,4431,569,0.1138,0.004440799995791167,0,Optimal,42
sequential,5000,5,Optimal,5,4431,569,0.1138,0.005879600008483976,0,Optimal,42
sequential,5000,5,Clock,1,4964,36,0.0072,0.0042252000130247325,0,Clock,42
sequential,5000,5,Clock,2,4964,36,0.0072,0.0045486000017262995,0,Clock,42
sequential,5000,5,Clock,3,4964,36,0.0072,0.004116099997190759,0,Clock,42
sequential,5000,5,Clock,4,4964,36,0.0072,0.004417700023623183,0,Clock,42
sequential,5000,5,Clock,5,4964,36,0.0072,0.004365600005257875,0,Clock,42
sequential,5000,5,LFU,1,4650,350,0.07,0.007951399980811402,0,LFU,42
sequential,5000,5,LFU,2,4650,350,0.07,0.006385499989846721,0,LFU,42
sequential,5000,5,LFU,3,4650,350,0.07,0.006817000015871599,0,LFU,42
sequential,5000,5,LFU,4,4650,350,0.07,0.007986400014488026,0,LFU,42
sequential,5000,5,LFU,5,4650,350,0.07,0.00644060000195168,0,LFU,42
sequential,5000,5,Adaptive_W50,1,4962,38,0.0076,0.01077429999713786,75,Clock,42
sequential,5000,5,Adaptive_W50,2,4962,38,0.0076,0.013489200006006286,75,Clock,42
sequential,5000,5,Adaptive_W50,3,4962,38,0.0076,0.008065700007136911,75,Clock,42
sequential,5000,5,Adaptive_W50,4,4962,38,0.0076,0.011380999989341944,75,Clock,42
sequential,5000,5,Adaptive_W50,5,4962,38,0.0076,0.009355999995023012,75,Clock,42
sequential,5000,5,Adaptive_W100,1,4962,38,0.0076,0.008061600005021319,0,LRU,42
sequential,5000,5,Adaptive_W100,2,4962,38,0.0076,0.00856230000499636,0,LRU,42
sequential,5000,5,Adaptive_W100,3,4962,38,0.0076,0.008102699997834861,0,LRU,42
sequential,5000,5,Adaptive_W100,4,4962,38,0.0076,0.0061839000263717026,0,LRU,42
sequential,5000,5,Adaptive_W100,5,4962,38,0.0076,0.0061113999981898814,0,LRU,42
sequential,5000,8,FIFO,1,4881,119,0.0238,0.0008585999894421548,0,FIFO,42
sequential,5000,8,FIFO,2,4881,119,0.0238,0.0008738999895285815,0,FIFO,42
sequential,5000,8,FIFO,3,4881,119,0.0238,0.0008897999941837043,0,FIFO,42
sequential,5000,8,FIFO,4,4881,119,0.0238,0.0010294000094290823,0,FIFO,42
sequential,5000,8,FIFO,5,4881,119,0.0238,0.0011989999911747873,0,FIFO,42
sequential,5000,8,LRU,1,4880,120,0.024,0.0012163000064902008,0,LRU,42
sequential,5000,8,LRU,2,4880,120,0.024,0.0011999000271316618,0,LRU,42
sequential,5000,8,LRU,3,4880,120,0.024,0.001195199991343543,0,LRU,42
sequential,5000,8,LRU,4,4880,120,0.024,0.0011891000031027943,0,LRU,42
sequential,5000,8,LRU,5,4880,120,0.024,0.0011870999878738075,0,LRU,42
sequential,5000,8,Optimal,1,4057,943,0.1886,0.005254199990304187,0,Optimal,42
sequential,5000,8,Optimal,2,4057,943,0.1886,0.00553379999473691,0,Optimal,42
sequential,5000,8,Optimal,3,4057,943,0.1886,0.00517820002278313,0,Optimal,42
sequential,5000,8,Optimal,4,4057,943,0.1886,0.006514699984109029,0,Optimal,42
sequential,5000,8,Optimal,5,4057,943,0.1886,0.006793499982450157,0,Optimal,42
sequential,5000,8,Clock,1,4880,120,0.024,0.0056757999991532415,0,Clock,42
sequential,5000,8,Clock,2,4880,120,0.024,0.005696899985196069,0,Clock,42
sequential,5000,8,Clock,3,4880,120,0.024,0.005344700010027736,0,Clock,42
sequential,5000,8,Clock,4,4880,120,0.024,0.0050039000052493066,0,Clock,42
sequential,5000,8,Clock,5,4880,120,0.024,0.00531739997677505,0,Clock,42
sequential,5000,8,LFU,1,4313,687,0.1374,0.009030799992615357,0,LFU,42
sequential,5000,8,LFU,2,4313,687,0.1374,0.010049200005596504,0,LFU,42
sequential,5000,8,LFU,3,4313,687,0.1374,0.009900700009893626,0,LFU,42
sequential,5000,8,LFU,4,4313,687,0.1374,0.008872700011124834,0,LFU,42
sequential,5000,8,LFU,5,4313,687,0.1374,0.01000229999772273,0,LFU,42
sequential,5000,8,Adaptive_W50,1,4880,120,0.024,0.009377900016261265,75,Clock,42
sequential,5000,8,Adaptive_W50,2,4880,120,0.024,0.009328500018455088,75,Clock,42
sequential,5000,8,Adaptive_W50,3,4880,120,0.024,0.007924600009573624,75,Clock,42
sequential,5000,8,Adaptive_W50,4,4880,120,0.024,0.010738100012531504,75,Clock,42
sequential,5000,8,Adaptive_W50,5,4880,120,0.024,0.00869260000763461,75,Clock,42
sequential,5000,8,Adaptive_W100,1,4880,120,0.024,0.006911000004038215,0,LRU,42
sequential,5000,8,Adaptive_W100,2,4880,120,0.024,0.005946199991740286,0,LRU,42
sequential,5000,8,Adaptive_W100,3,4880,120,0.024,0.007935800007544458,0,LRU,42
sequential,5000,8,Adaptive_W100,4,4880,120,0.024,0.007485400012228638,0,LRU,42
sequential,5000,8,Adaptive_W100,5,4880,120,0.024,0.0065867999801412225,0,LRU,42
sequential,20000,3,FIFO,1,19963,37,0.00185,0.0038410999986808747,0,FIFO,42
sequential,20000,3,FIFO,2,19963,37,0.00185,0.0038126000144984573,0,FIFO,42
sequential,20000,3,FIFO,3,19963,37,0.00185,0.003932500025257468,0,FIFO,42
sequential,20000,3,FIFO,4,19963,37,0.00185,0.005922300013480708,0,FIFO,42
sequential,20000,3,FIFO,5,19963,37,0.00185,0.0038459999777842313,0,FIFO,42
sequential,20000,3,LRU,1,19963,37,0.00185,0.004946300003211945,0,LRU,42
sequential,20000,3,LRU,2,19963,37,0.00185,0.007317099982174113,0,LRU,42
sequential,20000,3,LRU,3,19963,37,0.00185,0.0055059000151231885,0,LRU,42
sequential,20000,3,LRU,4,19963,37,0.00185,0.006483200006186962,0,LRU,42
sequential,20000,3,LRU,5,19963,37,0.00185,0.0055411999928765,0,LRU,42
sequential,20000,3,Optimal,1,18786,1214,0.0607,0.013036300020758063,0,Optimal,42
sequential,20000,3,Optimal,2,18786,1214,0.0607,0.012952399993082508,0,Optimal,42
sequential,20000,3,Optimal,3,18786,1214,0.0607,0.013598699995782226,0,Optimal,42
sequential,20000,3,Optimal,4,18786,1214,0.0607,0.012474299990572035,0,Optimal,42
sequential,20000,3,Optimal,5,18786,1214,0.0607,0.013060700002824888,0,Optimal,42
sequential,20000,3,Clock,1,19963,37,0.00185,0.015446700010215864,0,Clock,42
sequential,20000,3,Clock,2,19963,37,0.00185,0.012722899991786107,0,Clock,42
sequential,20000,3,Clock,3,19963,37,0.00185,0.01254930000868626,0,Clock,42
sequential,20000,3,Clock,4,19963,37,0.00185,0.011970199993811548,0,Clock,42
sequential,20000,3,Clock,5,19963,37,0.00185,0.01525159997981973,0,Clock,42
sequential,20000,3,LFU,1,19247,753,0.03765,0.02408809997723438,0,LFU,42
sequential,20000,3,LFU,2,19247,753,0.03765,0.02560069999890402,0,LFU,42
sequential,20000,3,LFU,3,19247,753,0.03765,0.021507399971596897,0,LFU,42
sequential,20000,3,LFU,4,19247,753,0.03765,0.025008600001456216,0,LFU,42
sequential,20000,3,LFU,5,19247,753,0.03765,0.020832200010772794,0,LFU,42
sequential,20000,3,Adaptive_W50,1,19962,38,0.0019,0.032024100015405566,312,LRU,42
sequential,20000,3,Adaptive_W50,2,19962,38,0.0019,0.037129800010006875,312,LRU,42
sequential,20000,3,Adaptive_W50,3,19962,38,0.0019,0.038051500014262274,312,LRU,42
sequential,20000,3,Adaptive_W50,4,19962,38,0.0019,0.03457129999878816,312,LRU,42
sequential,20000,3,Adaptive_W50,5,19962,38,0.0019,0.035868800012394786,312,LRU,42
sequential,20000,3,Adaptive_W100,1,19963,37,0.00185,0.026054599991766736,0,LRU,42
sequential,20000,3,Adaptive_W100,2,19963,37,0.00185,0.02370419999351725,0,LRU,42
sequential,20000,3,Adaptive_W100,3,19963,37,0.00185,0.023913899989565834,0,LRU,42
sequential,20000,3,Adaptive_W100,4,19963,37,0.00185,0.024270699999760836,0,LRU,42
sequential,20000,3,Adaptive_W100,5,19963,37,0.00185,0.0303225000097882,0,LRU,42
sequential,20000,5,FIFO,1,19891,109,0.00545,0.0034124999947380275,0,FIFO,42
sequential,20000,5,FIFO,2,19891,109,0.00545,0.003439399995841086,0,FIFO,42
sequential,20000,5,FIFO,3,19891,109,0.00545,0.00323729999945499,0,FIFO,42
sequential,20000,5,FIFO,4,19891,109,0.00545,0.003310200001578778,0,FIFO,42
sequential,20000,5,FIFO,5,19891,109,0.00545,0.003249600005801767,0,FIFO,42
sequential,20000,5,LRU,1,19889,111,0.00555,0.004979300021659583,0,LRU,42
sequential,20000,5,LRU,2,19889,111,0.00555,0.004825799987884238,0,LRU,42
sequential,20000,5,LRU,3,19889,111,0.00555,0.004808400000911206,0,LRU,42
sequential,20000,5,LRU,4,19889,111,0.00555,0.005074799992144108,0,LRU,42
sequential,20000,5,LRU,5,19889,111,0.00555,0.006711399997584522,0,LRU,42
sequential,20000,5,Optimal,1,17725,2275,0.11375,0.02166570001281798,0,Optimal,42
sequential,20000,5,Optimal,2,17725,2275,0.11375,0.020168300019577146,0,Optimal,42
sequential,20000,5,Optimal,3,17725,2275,0.11375,0.01839979999931529,0,Optimal,42
sequential,20000,5,Optimal,4,17725,2275,0.11375,0.021642199979396537,0,Optimal,42
sequential,20000,5,Optimal,5,17725,2275,0.11375,0.02025820000562817,0,Optimal,42
sequential,20000,5,Clock,1,19891,109,0.00545,0.017406300001312047,0,Clock,42
sequential,20000,5,Clock,2,19891,109,0.00545,0.014090500015299767,0,Clock,42
sequential,20000,5,Clock,3,19891,109,0.00545,0.01570190000347793,0,Clock,42
sequential,20000,5,Clock,4,19891,109,0.00545,0.014392499986570328,0,Clock,42
sequential,20000,5,Clock,5,19891,109,0.00545,0.016270299995085225,0,Clock,42
sequential,20000,5,LFU,1,18395,1605,0.08025,0.03651219999301247,0,LFU,42
sequential,20000,5,LFU,2,18395,1605,0.08025,0.026525799999944866,0,LFU,42
sequential,20000,5,LFU,3,18395,1605,0.08025,0.029356000013649464,0,LFU,42
sequential,20000,5,LFU,4,18395,1605,0.08025,0.0313153000024613,0,LFU,42
sequential,20000,5,LFU,5,18395,1605,0.08025,0.0305948999885004,0,LFU,42
sequential,20000,5,Adaptive_W50,1,19887,113,0.00565,0.032947300001978874,312,LRU,42
sequential,20000,5,Adaptive_W50,2,19887,113,0.00565,0.03197710000677034,312,LRU,42
sequential,20000,5,Adaptive_W50,3,19887,113,0.00565,0.0317401000065729,312,LRU,42
sequential,20000,5,Adaptive_W50,4,19887,113,0.00565,0.03537460000370629,312,LRU,42
sequential,20000,5,Adaptive_W50,5,19887,113,0.00565,0.03264829999534413,312,LRU,42
sequential,20000,5,Adaptive_W100,1,19889,111,0.00555,0.030068799998844042,0,LRU,42
sequential,20000,5,Adaptive_W100,2,19889,111,0.00555,0.028031099995132536,0,LRU,42
sequential,20000,5,Adaptive_W100,3,19889,111,0.00555,0.023925599991343915,0,LRU,42
sequential,20000,5,Adaptive_W100,4,19889,111,0.00555,0.025948199996491894,0,LRU,42
sequential,20000,5,Adaptive_W100,5,19889,111,0.00555,0.02991639997344464,0,LRU,42
sequential,20000,8,FIFO,1,19698,302,0.0151,0.0034509999968577176,0,FIFO,42
sequential,20000,8,FIFO,2,19698,302,0.0151,0.0038084000116214156,0,FIFO,42
sequential,20000,8,FIFO,3,19698,302,0.0151,0.004193500004475936,0,FIFO,42
sequential,20000,8,FIFO,4,19698,302,0.0151,0.003388699988136068,0,FIFO,42
sequential,20000,8,FIFO,5,19698,302,0.0151,0.003775399993173778,0,FIFO,42
sequential,20000,8,LRU,1,19697,303,0.01515,0.005987300013657659,0,LRU,42
sequential,20000,8,LRU,2,19697,303,0.01515,0.006887399998959154,0,LRU,42
sequential,20000,8,LRU,3,19697,303,0.01515,0.005424400005722418,0,LRU,42
sequential,20000,8,LRU,4,19697,303,0.01515,0.004740199976367876,0,LRU,42
sequential,20000,8,LRU,5,19697,303,0.01515,0.0052291000029072165,0,LRU,42
sequential,20000,8,Optimal,1,16204,3796,0.1898,0.022771799995098263,0,Optimal,42
sequential,20000,8,Optimal,2,16204,3796,0.1898,0.02169960000901483,0,Optimal,42
sequential,20000,8,Optimal,3,16204,3796,0.1898,0.022659000009298325,0,Optimal,42
sequential,20000,8,Optimal,4,16204,3796,0.1898,0.022263800026848912,0,Optimal,42
sequential,20000,8,Optimal,5,16204,3796,0.1898,0.02229380002245307,0,Optimal,42
sequential,20000,8,Clock,1,19697,303,0.01515,0.01965649999328889,0,Clock,42
sequential,20000,8,Clock,2,19697,303,0.01515,0.021636199991917238,0,Clock,42
sequential,20000,8,Clock,3,19697,303,0.01515,0.01916619998519309,0,Clock,42
sequential,20000,8,Clock,4,19697,303,0.01515,0.0194846999947913,0,Clock,42
sequential,20000,8,Clock,5,19697,303,0.01515,0.02469990000827238,0,Clock,42
sequential,20000,8,LFU,1,17234,2766,0.1383,0.03912600001785904,0,LFU,42
sequential,20000,8,LFU,2,17234,2766,0.1383,0.03870720000122674,0,LFU,42
sequential,20000,8,LFU,3,17234,2766,0.1383,0.06887220000498928,0,LFU,42
sequential,20000,8,LFU,4,17234,2766,0.1383,0.06123570000636391,0,LFU,42
sequential,20000,8,LFU,5,17234,2766,0.1383,0.07570729998406023,0,LFU,42
sequential,20000,8,Adaptive_W50,1,19691,309,0.01545,0.06715220000478439,312,LRU,42
sequential,20000,8,Adaptive_W50,2,19691,309,0.01545,0.06488020002143458,312,LRU,42
sequential,20000,8,Adaptive_W50,3,19691,309,0.01545,0.06475439999485388,312,LRU,42
sequential,20000,8,Adaptive_W50,4,19691,309,0.01545,0.0646104000043124,312,LRU,42
sequential,20000,8,Adaptive_W50,5,19691,309,0.01545,0.06904480000957847,312,LRU,42
sequential,20000,8,Adaptive_W100,1,19697,303,0.01515,0.05002480000257492,0,LRU,42
sequential,20000,8,Adaptive_W100,2,19697,303,0.01515,0.052845300000626594,0,LRU,42
sequential,20000,8,Adaptive_W100,3,19697,303,0.01515,0.04696370000601746,0,LRU,42
sequential,20000,8,Adaptive_W100,4,19697,303,0.01515,0.047295099997427315,0,LRU,42
sequential,20000,8,Adaptive_W100,5,19697,303,0.01515,0.04994759999681264,0,LRU,42
random,1000,3,FIFO,1,940,60,0.06,0.00045769999269396067,0,FIFO,42
random,1000,3,FIFO,2,940,60,0.06,0.0007094999891705811,0,FIFO,42
random,1000,3,FIFO,3,940,60,0.06,0.000541499990504235,0,FIFO,42
random,1000,3,FIFO,4,940,60,0.06,0.0005397000059019774,0,FIFO,42
random,1000,3,FIFO,5,940,60,0.06,0.0003988000098615885,0,FIFO,42
random,1000,3,LRU,1,941,59,0.059,0.0007028999971225858,0,LRU,42
random,1000,3,LRU,2,941,59,0.059,0.000590600015129894,0,LRU,42
random,1000,3,LRU,3,941,59,0.059,0.0005654999986290932,0,LRU,42
random,1000,3,LRU,4,941,59,0.059,0.0010753999813459814,0,LRU,42
random,1000,3,LRU,5,941,59,0.059,0.0006543000054080039,0,LRU,42
random,1000,3,Optimal,1,793,207,0.207,0.0019066999957431108,0,Optimal,42
random,1000,3,Optimal,2,793,207,0.207,0.0010264999873470515,0,Optimal,42
random,1000,3,Optimal,3,793,207,0.207,0.001115799997933209,0,Optimal,42
random,1000,3,Optimal,4,793,207,0.207,0.0010618999949656427,0,Optimal,42
random,1000,3,Optimal,5,793,207,0.207,0.0010851000261027366,0,Optimal,42
random,1000,3,Clock,1,940,60,0.06,0.0011545000015757978,0,Clock,42
random,1000,3,Clock,2,940,60,0.06,0.0011509000032674521,0,Clock,42
random,1000,3,Clock,3,940,60,0.06,0.0011434000043664128,0,Clock,42
random,1000,3,Clock,4,940,60,0.06,0.001144799985922873,0,Clock,42
random,1000,3,Clock,5,940,60,0.06,0.0011554000084288418,0,Clock,42
random,1000,3,LFU,1,950,50,0.05,0.002024299988988787,0,LFU,42
random,1000,3,LFU,2,950,50,0.05,0.004226899996865541,0,LFU,42
random,1000,3,LFU,3,950,50,0.05,0.0021155999857001007,0,LFU,42
random,1000,3,LFU,4,950,50,0.05,0.0025693000061437488,0,LFU,42
random,1000,3,LFU,5,950,50,0.05,0.002419299999019131,0,LFU,42
random,1000,3,Adaptive_W50,1,941,59,0.059,0.002909699978772551,0,LRU,42
random,1000,3,Adaptive_W50,2,941,59,0.059,0.003129399992758408,0,LRU,42
random,1000,3,Adaptive_W50,3,941,59,0.059,0.003336299996590242,0,LRU,42
random,1000,3,Adaptive_W50,4,941,59,0.059,0.004007200011983514,0,LRU,42
random,1000,3,Adaptive_W50,5,941,59,0.059,0.003596299997298047,0,LRU,42
random,1000,3,Adaptive_W100,1,941,59,0.059,0.002879100007703528,0,LRU,42
random,1000,3,Adaptive_W100,2,941,59,0.059,0.0025539000052958727,0,LRU,42
random,1000,3,Adaptive_W100,3,941,59,0.059,0.003484500019112602,0,LRU,42
random,1000,3,Adaptive_W100,4,941,59,0.059,0.0028753000078722835,0,LRU,42
random,1000,3,Adaptive_W100,5,941,59,0.059,0.002054900018265471,0,LRU,42
random,1000,5,FIFO,1,896,104,0.104,0.0002767999831121415,0,FIFO,42
random,1000,5,FIFO,2,896,104,0.104,0.00030759998480789363,0,FIFO,42
random,1000,5,FIFO,3,896,104,0.104,0.00034729999606497586,0,FIFO,42
random,1000,5,FIFO,4,896,104,0.104,0.00036360000376589596,0,FIFO,42
random,1000,5,FIFO,5,896,104,0.104,0.0003160000196658075,0,FIFO,42
random,1000,5,LRU,1,896,104,0.104,0.0005009000014979392,0,LRU,42
random,1000,5,LRU,2,896,104,0.104,0.0005294000147841871,0,LRU,42
random,1000,5,LRU,3,896,104,0.104,0.0005278000026009977,0,LRU,42
random,1000,5,LRU,4,896,104,0.104,0.0006946000212337822,0,LRU,42
random,1000,5,LRU,5,896,104,0.104,0.0006824999873060733,0,LRU,42
random,1000,5,Optimal,1,681,319,0.319,0.0013699000119231641,0,Optimal,42
random,1000,5,Optimal,2,681,319,0.319,0.0012660999782383442,0,Optimal,42
random,1000,5,Optimal,3,681,319,0.319,0.0012600999907590449,0,Optimal,42
random,1000,5,Optimal,4,681,319,0.319,0.005079700000351295,0,Optimal,42
random,1000,5,Optimal,5,681,319,0.319,0.002685499988729134,0,Optimal,42
random,1000,5,Clock,1,899,101,0.101,0.0014699999883305281,0,Clock,42
random,1000,5,Clock,2,899,101,0.101,0.001378299988573417,0,Clock,42
random,1000,5,Clock,3,899,101,0.101,0.001367799995932728,0,Clock,42
random,1000,5,Clock,4,899,101,0.101,0.0014242999895941466,0,Clock,42
random,1000,5,Clock,5,899,101,0.101,0.0013076000032015145,0,Clock,42
random,1000,5,LFU,1,909,91,0.091,0.007295999996131286,0,LFU,42
random,1000,5,LFU,2,909,91,0.091,0.002608199982205406,0,LFU,42
random,1000,5,LFU,3,909,91,0.091,0.0031652000034227967,0,LFU,42
random,1000,5,LFU,4,909,91,0.091,0.0024575999996159226,0,LFU,42
random,1000,5,LFU,5,909,91,0.091,0.00254690001020208,0,LFU,42
random,1000,5,Adaptive_W50,1,896,104,0.104,0.00645539999823086,0,LRU,42
random,1000,5,Adaptive_W50,2,896,104,0.104,0.0026560999976936728,0,LRU,42
random,1000,5,Adaptive_W50,3,896,104,0.104,0.0030079999996814877,0,LRU,42
random,1000,5,Adaptive_W50,4,896,104,0.104,0.002687200001673773,0,LRU,42
random,1000,5,Adaptive_W50,5,896,104,0.104,0.0030762999958824366,0,LRU,42
random,1000,5,Adaptive_W100,1,896,104,0.104,0.0030966000049374998,0,LRU,42
random,1000,5,Adaptive_W100,2,896,104,0.104,0.0021661999926436692,0,LRU,42
random,1000,5,Adaptive_W100,3,896,104,0.104,0.002813099999912083,0,LRU,42
random,1000,5,Adaptive_W100,4,896,104,0.104,0.0023945000139065087,0,LRU,42
random,1000,5,Adaptive_W100,5,896,104,0.104,0.0024902000150177628,0,LRU,42
random,1000,8,FIFO,1,841,159,0.159,0.0003473999968264252,0,FIFO,42
random,1000,8,FIFO,2,841,159,0.159,0.0003367000026628375,0,FIFO,42
random,1000,8,FIFO,3,841,159,0.159,0.00032980000833049417,0,FIFO,42
random,1000,8,FIFO,4,841,159,0.159,0.0003252000024076551,0,FIFO,42
random,1000,8,FIFO,5,841,159,0.159,0.0003262000100221485,0,FIFO,42
random,1000,8,LRU,1,831,169,0.169,0.004815499996766448,0,LRU,42
random,1000,8,LRU,2,831,169,0.169,0.000613799988059327,0,LRU,42
random,1000,8,LRU,3,831,169,0.169,0.0003899000003002584,0,LRU,42
random,1000,8,LRU,4,831,169,0.169,0.00048240000614896417,0,LRU,42
random,1000,8,LRU,5,831,169,0.169,0.0007163000118453056,0,LRU,42
random,1000,8,Optimal,1,568,432,0.432,0.0017242000030819327,0,Optimal,42
random,1000,8,Optimal,2,568,432,0.432,0.0016841000178828835,0,Optimal,42
random,1000,8,Optimal,3,568,432,0.432,0.0014635999978054315,0,Optimal,42
random,1000,8,Optimal,4,568,432,0.432,0.0016133000026457012,0,Optimal,42
random,1000,8,Optimal,5,568,432,0.432,0.001584099984029308,0,Optimal,42
random,1000,8,Clock,1,836,164,0.164,0.0018025000172201544,0,Clock,42
random,1000,8,Clock,2,836,164,0.164,0.0024017000105232,0,Clock,42
random,1000,8,Clock,3,836,164,0.164,0.0018927000055555254,0,Clock,42
random,1000,8,Clock,4,836,164,0.164,0.0019153000030200928,0,Clock,42
random,1000,8,Clock,5,836,164,0.164,0.0019588999857660383,0,Clock,42
random,1000,8,LFU,1,861,139,0.139,0.0034063999773934484,0,LFU,42
random,1000,8,LFU,2,861,139,0.139,0.0047021000063978136,0,LFU,42
random,1000,8,LFU,3,861,139,0.139,0.0026928999868687242,0,LFU,42
random,1000,8,LFU,4,861,139,0.139,0.003797599987592548,0,LFU,42
random,1000,8,LFU,5,861,139,0.139,0.0035010999999940395,0,LFU,42
random,1000,8,Adaptive_W50,1,831,169,0.169,0.0033591999963391572,0,LRU,42
random,1000,8,Adaptive_W50,2,831,169,0.169,0.0033740999933797866,0,LRU,42
random,1000,8,Adaptive_W50,3,831,169,0.169,0.002463299984810874,0,LRU,42
random,1000,8,Adaptive_W50,4,831,169,0.169,0.002694900002097711,0,LRU,42
random,1000,8,Adaptive_W50,5,831,169,0.169,0.0024932000087574124,0,LRU,42
random,1000,8,Adaptive_W100,1,831,169,0.169,0.002030100004049018,0,LRU,42
random,1000,8,Adaptive_W100,2,831,169,0.169,0.0022197999933268875,0,LRU,42
random,1000,8,Adaptive_W100,3,831,169,0.169,0.0021166000224184245,0,LRU,42
random,1000,8,Adaptive_W100,4,831,169,0.169,0.002747599995927885,0,LRU,42
random,1000,8,Adaptive_W100,5,831,169,0.169,0.0017724999925121665,0,LRU,42
random,5000,3,FIFO,1,4693,307,0.0614,0.001964900002349168,0,FIFO,42
random,5000,3,FIFO,2,4693,307,0.0614,0.0015484000032301992,0,FIFO,42
random,5000,3,FIFO,3,4693,307,0.0614,0.0019109999993816018,0,FIFO,42
random,5000,3,FIFO,4,4693,307,0.0614,0.002050199982477352,0,FIFO,42
random,5000,3,FIFO,5,4693,307,0.0614,0.001921400020364672,0,FIFO,42
random,5000,3,LRU,1,4695,305,0.061,0.00280170000041835,0,LRU,42
random,5000,3,LRU,2,4695,305,0.061,0.004035200021462515,0,LRU,42
random,5000,3,LRU,3,4695,305,0.061,0.0026806000096257776,0,LRU,42
random,5000,3,LRU,4,4695,305,0.061,0.0035918000212404877,0,LRU,42
random,5000,3,LRU,5,4695,305,0.061,0.002484500000718981,0,LRU,42
random,5000,3,Optimal,1,3952,1048,0.2096,0.007140900008380413,0,Optimal,42
random,5000,3,Optimal,2,3952,1048,0.2096,0.005403599992860109,0,Optimal,42
random,5000,3,Optimal,3,3952,1048,0.2096,0.005727600015234202,0,Optimal,42
random,5000,3,Optimal,4,3952,1048,0.2096,0.005531800008611754,0,Optimal,42
random,5000,3,Optimal,5,3952,1048,0.2096,0.0052186000102665275,0,Optimal,42
random,5000,3,Clock,1,4694,306,0.0612,0.005946200020844117,0,Clock,42
random,5000,3,Clock,2,4694,306,0.0612,0.006486600002972409,0,Clock,42
random,5000,3,Clock,3,4694,306,0.0612,0.006048200011719018,0,Clock,42
random,5000,3,Clock,4,4694,306,0.0612,0.007115799991879612,0,Clock,42
random,5000,3,Clock,5,4694,306,0.0612,0.00571610001497902,0,Clock,42
random,5000,3,LFU,1,4718,282,0.0564,0.011077700008172542,0,LFU,42
random,5000,3,LFU,2,4718,282,0.0564,0.00964370000292547,0,LFU,42
random,5000,3,LFU,3,4718,282,0.0564,0.010604899987811223,0,LFU,42
random,5000,3,LFU,4,4718,282,0.0564,0.010618500004056841,0,LFU,42
random,5000,3,LFU,5,4718,282,0.0564,0.009703899995656684,0,LFU,42
random,5000,3,Adaptive_W50,1,4695,305,0.061,0.01402929998585023,0,LRU,42
random,5000,3,Adaptive_W50,2,4695,305,0.061,0.015123399993171915,0,LRU,42
random,5000,3,Adaptive_W50,3,4695,305,0.061,0.020897599984891713,0,LRU,42
random,5000,3,Adaptive_W50,4,4695,305,0.061,0.016725099994800985,0,LRU,42
random,5000,3,Adaptive_W50,5,4695,305,0.061,0.01617489999625832,0,LRU,42
random,5000,3,Adaptive_W100,1,4695,305,0.061,0.011680399999022484,0,LRU,42
random,5000,3,Adaptive_W100,2,4695,305,0.061,0.009495399979641661,0,LRU,42
random,5000,3,Adaptive_W100,3,4695,305,0.061,0.013864600012311712,0,LRU,42
random,5000,3,Adaptive_W100,4,4695,305,0.061,0.01237419998506084,0,LRU,42
random,5000,3,Adaptive_W100,5,4695,305,0.061,0.013040899997577071,0,LRU,42
random,5000,5,FIFO,1,4505,495,0.099,0.0018336999928578734,0,FIFO,42
random,5000,5,FIFO,2,4505,495,0.099,0.0018106999923475087,0,FIFO,42
random,5000,5,FIFO,3,4505,495,0.099,0.001794700016034767,0,FIFO,42
random,5000,5,FIFO,4,4505,495,0.099,0.0017695999995339662,0,FIFO,42
random,5000,5,FIFO,5,4505,495,0.099,0.002518599998438731,0,FIFO,42
random,5000,5,LRU,1,4502,498,0.0996,0.0033235000155400485,0,LRU,42
random,5000,5,LRU,2,4502,498,0.0996,0.002650300011737272,0,LRU,42
random,5000,5,LRU,3,4502,498,0.0996,0.0033719000057317317,0,LRU,42
random,5000,5,LRU,4,4502,498,0.0996,0.0027325999981258065,0,LRU,42
random,5000,5,LRU,5,4502,498,0.0996,0.003485299996100366,0,LRU,42
random,5000,5,Optimal,1,3409,1591,0.3182,0.007584999984828755,0,Optimal,42
random,5000,5,Optimal,2,3409,1591,0.3182,0.006912299984833226,0,Optimal,42
random,5000,5,Optimal,3,3409,1591,0.3182,0.007313499983865768,0,Optimal,42
random,5000,5,Optimal,4,3409,1591,0.3182,0.008231700019678101,0,Optimal,42
random,5000,5,Optimal,5,3409,1591,0.3182,0.006921099993633106,0,Optimal,42
random,5000,5,Clock,1,4505,495,0.099,0.006417299999156967,0,Clock,42
random,5000,5,Clock,2,4505,495,0.099,0.006900799984578043,0,Clock,42
random,5000,5,Clock,3,4505,495,0.099,0.006491399981314316,0,Clock,42
random,5000,5,Clock,4,4505,495,0.099,0.007140200003050268,0,Clock,42
random,5000,5,Clock,5,4505,495,0.099,0.00692639997578226,0,Clock,42
random,5000,5,LFU,1,4519,481,0.0962,0.01248689999920316,0,LFU,42
random,5000,5,LFU,2,4519,481,0.0962,0.013825400004861876,0,LFU,42
random,5000,5,LFU,3,4519,481,0.0962,0.014086799987126142,0,LFU,42
random,5000,5,LFU,4,4519,481,0.0962,0.01434790002531372,0,LFU,42
random,5000,5,LFU,5,4519,481,0.0962,0.015540899999905378,0,LFU,42
random,5000,5,Adaptive_W50,1,4502,498,0.0996,0.015276499994797632,0,LRU,42
random,5000,5,Adaptive_W50,2,4502,498,0.0996,0.013631399982841685,0,LRU,42
random,5000,5,Adaptive_W50,3,4502,498,0.0996,0.014361699984874576,0,LRU,42
random,5000,5,Adaptive_W50,4,4502,498,0.0996,0.014097000006586313,0,LRU,42
random,5000,5,Adaptive_W50,5,4502,498,0.0996,0.014249200001358986,0,LRU,42
random,5000,5,Adaptive_W100,1,4502,498,0.0996,0.011647099978290498,0,LRU,42
random,5000,5,Adaptive_W100,2,4502,498,0.0996,0.011739299981854856,0,LRU,42
random,5000,5,Adaptive_W100,3,4502,498,0.0996,0.006684699998004362,0,LRU,42
random,5000,5,Adaptive_W100,4,4502,498,0.0996,0.011684400000376627,0,LRU,42
random,5000,5,Adaptive_W100,5,4502,498,0.0996,0.012469700013753027,0,LRU,42
random,5000,8,FIFO,1,4231,769,0.1538,0.00142969997250475,0,FIFO,42
random,5000,8,FIFO,2,4231,769,0.1538,0.001365900010569021,0,FIFO,42
random,5000,8,FIFO,3,4231,769,0.1538,0.0014690000098198652,0,FIFO,42
random,5000,8,FIFO,4,4231,769,0.1538,0.001989200012758374,0,FIFO,42
random,5000,8,FIFO,5,4231,769,0.1538,0.0017154999950435013,0,FIFO,42
random,5000,8,LRU,1,4216,784,0.1568,0.0025621000095270574,0,LRU,42
random,5000,8,LRU,2,4216,784,0.1568,0.0023970999754965305,0,LRU,42
random,5000,8,LRU,3,4216,784,0.1568,0.002518299996154383,0,LRU,42
random,5000,8,LRU,4,4216,784,0.1568,0.002436800015857443,0,LRU,42
random,5000,8,LRU,5,4216,784,0.1568,0.0021803999843541533,0,LRU,42
random,5000,8,Optimal,1,2831,2169,0.4338,0.007572600006824359,0,Optimal,42
random,5000,8,Optimal,2,2831,2169,0.4338,0.00761089997831732,0,Optimal,42
random,5000,8,Optimal,3,2831,2169,0.4338,0.007905600010417402,0,Optimal,42
random,5000,8,Optimal,4,2831,2169,0.4338,0.00719019997632131,0,Optimal,42
random,5000,8,Optimal,5,2831,2169,0.4338,0.007476500002667308,0,Optimal,42
random,5000,8,Clock,1,4215,785,0.157,0.008591299992986023,0,Clock,42
random,5000,8,Clock,2,4215,785,0.157,0.008775000023888424,0,Clock,42
random,5000,8,Clock,3,4215,785,0.157,0.00830139999743551,0,Clock,42
random,5000,8,Clock,4,4215,785,0.157,0.008817499998258427,0,Clock,42
random,5000,8,Clock,5,4215,785,0.157,0.009351300017442554,0,Clock,42
random,5000,8,LFU,1,4196,804,0.1608,0.01840899998205714,0,LFU,42
random,5000,8,LFU,2,4196,804,0.1608,0.017224400013219565,0,LFU,42
random,5000,8,LFU,3,4196,804,0.1608,0.017513099999632686,0,LFU,42
random,5000,8,LFU,4,4196,804,0.1608,0.017108599975472316,0,LFU,42
random,5000,8,LFU,5,4196,804,0.1608,0.01719269997556694,0,LFU,42
random,5000,8,Adaptive_W50,1,4216,784,0.1568,0.014649799995822832,0,LRU,42
random,5000,8,Adaptive_W50,2,4216,784,0.1568,0.015094200003659353,0,LRU,42
random,5000,8,Adaptive_W50,3,4216,784,0.1568,0.01711869999417104,0,LRU,42
random,5000,8,Adaptive_W50,4,4216,784,0.1568,0.013333500013686717,0,LRU,42
random,5000,8,Adaptive_W50,5,4216,784,0.1568,0.015792099991813302,0,LRU,42
random,5000,8,Adaptive_W100,1,4216,784,0.1568,0.012731099996017292,0,LRU,42
random,5000,8,Adaptive_W100,2,4216,784,0.1568,0.014740100014023483,0,LRU,42
random,5000,8,Adaptive_W100,3,4216,784,0.1568,0.012041200010571629,0,LRU,42
random,5000,8,Adaptive_W100,4,4216,784,0.1568,0.012998300022445619,0,LRU,42
random,5000,8,Adaptive_W100,5,4216,784,0.1568,0.012719699996523559,0,LRU,42
random,20000,3,FIFO,1,18791,1209,0.06045,0.0075413000013213605,0,FIFO,42
random,20000,3,FIFO,2,18791,1209,0.06045,0.008413400006247684,0,FIFO,42
random,20000,3,FIFO,3,18791,1209,0.06045,0.009133300016401336,0,FIFO,42
random,20000,3,FIFO,4,18791,1209,0.06045,0.011009000008925796,0,FIFO,42
random,20000,3,FIFO,5,18791,1209,0.06045,0.009906799998134375,0,FIFO,42
random,20000,3,LRU,1,18791,1209,0.06045,0.014511099987430498,0,LRU,42
random,20000,3,LRU,2,18791,1209,0.06045,0.012614900013431907,0,LRU,42
random,20000,3,LRU,3,18791,1209,0.06045,0.013188300014007837,0,LRU,42
random,20000,3,LRU,4,18791,1209,0.06045,0.012218499992741272,0,LRU,42
random,20000,3,LRU,5,18791,1209,0.06045,0.012012700026389211,0,LRU,42
random,20000,3,Optimal,1,15779,4221,0.21105,0.028295099997194484,0,Optimal,42
random,20000,3,Optimal,2,15779,4221,0.21105,0.02597389998845756,0,Optimal,42
random,20000,3,Optimal,3,15779,4221,0.21105,0.023263700015377253,0,Optimal,42
random,20000,3,Optimal,4,15779,4221,0.21105,0.023184600024251267,0,Optimal,42
random,20000,3,Optimal,5,15779,4221,0.21105,0.026959600014379248,0,Optimal,42
random,20000,3,Clock,1,18793,1207,0.06035,0.024869899993063882,0,Clock,42
random,20000,3,Clock,2,18793,1207,0.06035,0.025937600003089756,0,Clock,42
random,20000,3,Clock,3,18793,1207,0.06035,0.02441680000629276,0,Clock,42
random,20000,3,Clock,4,18793,1207,0.06035,0.020765799999935552,0,Clock,42
random,20000,3,Clock,5,18793,1207,0.06035,0.024813199997879565,0,Clock,42
random,20000,3,LFU,1,18826,1174,0.0587,0.04233250001561828,0,LFU,42
random,20000,3,LFU,2,18826,1174,0.0587,0.037934399995720014,0,LFU,42
random,20000,3,LFU,3,18826,1174,0.0587,0.036178500013193116,0,LFU,42
random,20000,3,LFU,4,18826,1174,0.0587,0.03899980001733638,0,LFU,42
random,20000,3,LFU,5,18826,1174,0.0587,0.04097860000911169,0,LFU,42
random,20000,3,Adaptive_W50,1,18791,1209,0.06045,0.05701069999486208,0,LRU,42
random,20000,3,Adaptive_W50,2,18791,1209,0.06045,0.05322510001133196,0,LRU,42
random,20000,3,Adaptive_W50,3,18791,1209,0.06045,0.050724999979138374,0,LRU,42
random,20000,3,Adaptive_W50,4,18791,1209,0.06045,0.05187240001396276,0,LRU,42
random,20000,3,Adaptive_W50,5,18791,1209,0.06045,0.06174990002182312,0,LRU,42
random,20000,3,Adaptive_W100,1,18791,1209,0.06045,0.05021479999413714,0,LRU,42
random,20000,3,Adaptive_W100,2,18791,1209,0.06045,0.05900190002284944,0,LRU,42
random,20000,3,Adaptive_W100,3,18791,1209,0.06045,0.05233299999963492,0,LRU,42
random,20000,3,Adaptive_W100,4,18791,1209,0.06045,0.05298479998600669,0,LRU,42
random,20000,3,Adaptive_W100,5,18791,1209,0.06045,0.05730829999083653,0,LRU,42
random,20000,5,FIFO,1,18009,1991,0.09955,0.0074776000110432506,0,FIFO,42
random,20000,5,FIFO,2,18009,1991,0.09955,0.007070999999996275,0,FIFO,42
random,20000,5,FIFO,3,18009,1991,0.09955,0.0077133000013418496,0,FIFO,42
random,20000,5,FIFO,4,18009,1991,0.09955,0.00841539999237284,0,FIFO,42
random,20000,5,FIFO,5,18009,1991,0.09955,0.007642700016731396,0,FIFO,42
random,20000,5,LRU,1,18002,1998,0.0999,0.01084820000687614,0,LRU,42
random,20000,5,LRU,2,18002,1998,0.0999,0.010901400004513562,0,LRU,42
random,20000,5,LRU,3,18002,1998,0.0999,0.009306599997216836,0,LRU,42
random,20000,5,LRU,4,18002,1998,0.0999,0.010483999998541549,0,LRU,42
random,20000,5,LRU,5,18002,1998,0.0999,0.011656699993181974,0,LRU,42
random,20000,5,Optimal,1,13636,6364,0.3182,0.02839069999754429,0,Optimal,42
random,20000,5,Optimal,2,13636,6364,0.3182,0.02871950002736412,0,Optimal,42
random,20000,5,Optimal,3,13636,6364,0.3182,0.027955199999269098,0,Optimal,42
random,20000,5,Optimal,4,13636,6364,0.3182,0.03010450000874698,0,Optimal,42
random,20000,5,Optimal,5,13636,6364,0.3182,0.029682999971555546,0,Optimal,42
random,20000,5,Clock,1,18004,1996,0.0998,0.02969590001157485,0,Clock,42
random,20000,5,Clock,2,18004,1996,0.0998,0.02311320000444539,0,Clock,42
random,20000,5,Clock,3,18004,1996,0.0998,0.0336883999989368,0,Clock,42
random,20000,5,Clock,4,18004,1996,0.0998,0.02651769999647513,0,Clock,42
random,20000,5,Clock,5,18004,1996,0.0998,0.029128900001524016,0,Clock,42
random,20000,5,LFU,1,17971,2029,0.10145,0.04966320001403801,0,LFU,42
random,20000,5,LFU,2,17971,2029,0.10145,0.05454919999465346,0,LFU,42
random,20000,5,LFU,3,17971,2029,0.10145,0.055157700000563636,0,LFU,42
random,20000,5,LFU,4,17971,2029,0.10145,0.054433400015113875,0,LFU,42
random,20000,5,LFU,5,17971,2029,0.10145,0.049627300002612174,0,LFU,42
random,20000,5,Adaptive_W50,1,18002,1998,0.0999,0.06478970000171103,0,LRU,42
random,20000,5,Adaptive_W50,2,18002,1998,0.0999,0.059761300013633445,0,LRU,42
random,20000,5,Adaptive_W50,3,18002,1998,0.0999,0.06261299998732284,0,LRU,42
random,20000,5,Adaptive_W50,4,18002,1998,0.0999,0.05886310001369566,0,LRU,42
random,20000,5,Adaptive_W50,5,18002,1998,0.0999,0.05544450000161305,0,LRU,42
random,20000,5,Adaptive_W100,1,18002,1998,0.0999,0.04717149998759851,0,LRU,42
random,20000,5,Adaptive_W100,2,18002,1998,0.0999,0.053814200015040115,0,LRU,42
random,20000,5,Adaptive_W100,3,18002,1998,0.0999,0.048394399986136705,0,LRU,42
random,20000,5,Adaptive_W100,4,18002,1998,0.0999,0.05282030001399107,0,LRU,42
random,20000,5,Adaptive_W100,5,18002,1998,0.0999,0.05022920001647435,0,LRU,42
random,20000,8,FIFO,1,16833,3167,0.15835,0.006992300011916086,0,FIFO,42
random,20000,8,FIFO,2,16833,3167,0.15835,0.006861200003186241,0,FIFO,42
random,20000,8,FIFO,3,16833,3167,0.15835,0.007319600001210347,0,FIFO,42
random,20000,8,FIFO,4,16833,3167,0.15835,0.00747320000664331,0,FIFO,42
random,20000,8,FIFO,5,16833,3167,0.15835,0.007185900001786649,0,FIFO,42
random,20000,8,LRU,1,16810,3190,0.1595,0.010200199991231784,0,LRU,42
random,20000,8,LRU,2,16810,3190,0.1595,0.01016829998116009,0,LRU,42
random,20000,8,LRU,3,16810,3190,0.1595,0.011637399991741404,0,LRU,42
random,20000,8,LRU,4,16810,3190,0.1595,0.012025600008200854,0,LRU,42
random,20000,8,LRU,5,16810,3190,0.1595,0.011399999988498166,0,LRU,42
random,20000,8,Optimal,1,11322,8678,0.4339,0.030461300018941984,0,Optimal,42
random,20000,8,Optimal,2,11322,8678,0.4339,0.031899499997962266,0,Optimal,42
random,20000,8,Optimal,3,11322,8678,0.4339,0.03541139999288134,0,Optimal,42
random,20000,8,Optimal,4,11322,8678,0.4339,0.03316550000454299,0,Optimal,42
random,20000,8,Optimal,5,11322,8678,0.4339,0.03344709999510087,0,Optimal,42
random,20000,8,Clock,1,16824,3176,0.1588,0.03355269998428412,0,Clock,42
random,20000,8,Clock,2,16824,3176,0.1588,0.03729659999953583,0,Clock,42
random,20000,8,Clock,3,16824,3176,0.1588,0.035759199992753565,0,Clock,42
random,20000,8,Clock,4,16824,3176,0.1588,0.03445020000799559,0,Clock,42
random,20000,8,Clock,5,16824,3176,0.1588,0.033964999980526045,0,Clock,42
random,20000,8,LFU,1,16737,3263,0.16315,0.06473250000271946,0,LFU,42
random,20000,8,LFU,2,16737,3263,0.16315,0.06933810000191443,0,LFU,42
random,20000,8,LFU,3,16737,3263,0.16315,0.07145010001841001,0,LFU,42
random,20000,8,LFU,4,16737,3263,0.16315,0.06665910000447184,0,LFU,42
random,20000,8,LFU,5,16737,3263,0.16315,0.05532569999922998,0,LFU,42
random,20000,8,Adaptive_W50,1,16810,3190,0.1595,0.05796440000995062,0,LRU,42
random,20000,8,Adaptive_W50,2,16810,3190,0.1595,0.057673500006785616,0,LRU,42
random,20000,8,Adaptive_W50,3,16810,3190,0.1595,0.05499299999792129,0,LRU,42
random,20000,8,Adaptive_W50,4,16810,3190,0.1595,0.056211300019640476,0,LRU,42
random,20000,8,Adaptive_W50,5,16810,3190,0.1595,0.055935600015800446,0,LRU,42
random,20000,8,Adaptive_W100,1,16810,3190,0.1595,0.04867479999666102,0,LRU,42
random,20000,8,Adaptive_W100,2,16810,3190,0.1595,0.054424600006313995,0,LRU,42
random,20000,8,Adaptive_W100,3,16810,3190,0.1595,0.048598999972455204,0,LRU,42
random,20000,8,Adaptive_W100,4,16810,3190,0.1595,0.05375449999701232,0,LRU,42
random,20000,8,Adaptive_W100,5,16810,3190,0.1595,0.05067279998911545,0,LRU,42
looping,1000,3,FIFO,1,1000,0,0.0,0.0003719999804161489,0,FIFO,42
looping,1000,3,FIFO,2,1000,0,0.0,0.0003555000002961606,0,FIFO,42
looping,1000,3,FIFO,3,1000,0,0.0,0.00035519999801181257,0,FIFO,42
looping,1000,3,FIFO,4,1000,0,0.0,0.0003559999749995768,0,FIFO,42
looping,1000,3,FIFO,5,1000,0,0.0,0.00031129998387768865,0,FIFO,42
looping,1000,3,LRU,1,1000,0,0.0,0.0004852999991271645,0,LRU,42
looping,1000,3,LRU,2,1000,0,0.0,0.0005549999768845737,0,LRU,42
looping,1000,3,LRU,3,1000,0,0.0,0.0005378999921958894,0,LRU,42
looping,1000,3,LRU,4,1000,0,0.0,0.0005501999985426664,0,LRU,42
looping,1000,3,LRU,5,1000,0,0.0,0.0005452999903354794,0,LRU,42
looping,1000,3,Optimal,1,602,398,0.398,0.0009294000046793371,0,Optimal,42
looping,1000,3,Optimal,2,602,398,0.398,0.0008781999931670725,0,Optimal,42
looping,1000,3,Optimal,3,602,398,0.398,0.0013673999928869307,0,Optimal,42
looping,1000,3,Optimal,4,602,398,0.398,0.0007953000022098422,0,Optimal,42
looping,1000,3,Optimal,5,602,398,0.398,0.0005464999994728714,0,Optimal,42
looping,1000,3,Clock,1,1000,0,0.0,0.0008520000264979899,0,Clock,42
looping,1000,3,Clock,2,1000,0,0.0,0.002193700027419254,0,Clock,42
looping,1000,3,Clock,3,1000,0,0.0,0.0009568000095896423,0,Clock,42
looping,1000,3,Clock,4,1000,0,0.0,0.0007763000030536205,0,Clock,42
looping,1000,3,Clock,5,1000,0,0.0,0.0008012000180315226,0,Clock,42
looping,1000,3,LFU,1,1000,0,0.0,0.0015267000126186758,0,LFU,42
looping,1000,3,LFU,2,1000,0,0.0,0.001999100000830367,0,LFU,42
looping,1000,3,LFU,3,1000,0,0.0,0.0019288999901618809,0,LFU,42
looping,1000,3,LFU,4,1000,0,0.0,0.0019721999997273088,0,LFU,42
looping,1000,3,LFU,5,1000,0,0.0,0.001914000022225082,0,LFU,42
looping,1000,3,Adaptive_W50,1,1000,0,0.0,0.0019969000131823123,0,LRU,42
looping,1000,3,Adaptive_W50,2,1000,0,0.0,0.0017619999998714775,0,LRU,42
looping,1000,3,Adaptive_W50,3,1000,0,0.0,0.0034710000036284328,0,LRU,42
looping,1000,3,Adaptive_W50,4,1000,0,0.0,0.0021308999857865274,0,LRU,42
looping,1000,3,Adaptive_W50,5,1000,0,0.0,0.0025163000100292265,0,LRU,42
looping,1000,3,Adaptive_W100,1,1000,0,0.0,0.0020477999933063984,0,LRU,42
looping,1000,3,Adaptive_W100,2,1000,0,0.0,0.002704499987885356,0,LRU,42
looping,1000,3,Adaptive_W100,3,1000,0,0.0,0.001825899991672486,0,LRU,42
looping,1000,3,Adaptive_W100,4,1000,0,0.0,0.0020662999886553735,0,LRU,42
looping,1000,3,Adaptive_W100,5,1000,0,0.0,0.0016359000001102686,0,LRU,42
looping,1000,5,FIFO,1,1000,0,0.0,0.0004141000099480152,0,FIFO,42
looping,1000,5,FIFO,2,1000,0,0.0,0.0003843999875243753,0,FIFO,42
looping,1000,5,FIFO,3,1000,0,0.0,0.0003527000080794096,0,FIFO,42
looping,1000,5,FIFO,4,1000,0,0.0,0.00038109999150037766,0,FIFO,42
looping,1000,5,FIFO,5,1000,0,0.0,0.0003803999861702323,0,FIFO,42
looping,1000,5,LRU,1,1000,0,0.0,0.0006286999850999564,0,LRU,42
looping,1000,5,LRU,2,1000,0,0.0,0.0005339999916031957,0,LRU,42
looping,1000,5,LRU,3,1000,0,0.0,0.0005483000131789595,0,LRU,42
looping,1000,5,LRU,4,1000,0,0.0,0.0005577999982051551,0,LRU,42
looping,1000,5,LRU,5,1000,0,0.0,0.0005497999954968691,0,LRU,42
looping,1000,5,Optimal,1,204,796,0.796,0.0006575000006705523,0,Optimal,42
looping,1000,5,Optimal,2,204,796,0.796,0.0006362000131048262,0,Optimal,42
looping,1000,5,Optimal,3,204,796,0.796,0.0006188999977894127,0,Optimal,42
looping,1000,5,Optimal,4,204,796,0.796,0.00060889997985214,0,Optimal,42
looping,1000,5,Optimal,5,204,796,0.796,0.0005219999875407666,0,Optimal,42
looping,1000,5,Clock,1,1000,0,0.0,0.001796600001398474,0,Clock,42
looping,1000,5,Clock,2,1000,0,0.0,0.0015038999845273793,0,Clock,42
looping,1000,5,Clock,3,1000,0,0.0,0.0011508000025060028,0,Clock,42
looping,1000,5,Clock,4,1000,0,0.0,0.0010882999922614545,0,Clock,42
looping,1000,5,Clock,5,1000,0,0.0,0.0017862999811768532,0,Clock,42
looping,1000,5,LFU,1,1000,0,0.0,0.0033401999971829355,0,LFU,42
looping,1000,5,LFU,2,1000,0,0.0,0.003145299997413531,0,LFU,42
looping,1000,5,LFU,3,1000,0,0.0,0.0031521999917458743,0,LFU,42
looping,1000,5,LFU,4,1000,0,0.0,0.002843499998562038,0,LFU,42
looping,1000,5,LFU,5,1000,0,0.0,0.0026448999997228384,0,LFU,42
looping,1000,5,Adaptive_W50,1,1000,0,0.0,0.0016194999916478992,0,LRU,42
looping,1000,5,Adaptive_W50,2,1000,0,0.0,0.002472499996656552,0,LRU,42
looping,1000,5,Adaptive_W50,3,1000,0,0.0,0.0023265000199899077,0,LRU,42
looping,1000,5,Adaptive_W50,4,1000,0,0.0,0.0017285000067204237,0,LRU,42
looping,1000,5,Adaptive_W50,5,1000,0,0.0,0.0014882000104989856,0,LRU,42
looping,1000,5,Adaptive_W100,1,1000,0,0.0,0.002508200006559491,0,LRU,42
looping,1000,5,Adaptive_W100,2,1000,0,0.0,0.0024611999979242682,0,LRU,42
looping,1000,5,Adaptive_W100,3,1000,0,0.0,0.0018235000025015324,0,LRU,42
looping,1000,5,Adaptive_W100,4,1000,0,0.0,0.0019637999939732254,0,LRU,42
looping,1000,5,Adaptive_W100,5,1000,0,0.0,0.0018743999826256186,0,LRU,42
looping,1000,8,FIFO,1,6,994,0.994,0.0001016999885905534,0,FIFO,42
looping,1000,8,FIFO,2,6,994,0.994,9.879999561235309e-05,0,FIFO,42
looping,1000,8,FIFO,3,6,994,0.994,9.84000216703862e-05,0,FIFO,42
looping,1000,8,FIFO,4,6,994,0.994,0.00011069999891333282,0,FIFO,42
looping,1000,8,FIFO,5,6,994,0.994,9.849999332800508e-05,0,FIFO,42
looping,1000,8,LRU,1,6,994,0.994,0.00019329998758621514,0,LRU,42
looping,1000,8,LRU,2,6,994,0.994,0.00018870001076720655,0,LRU,42
looping,1000,8,LRU,3,6,994,0.994,0.00018870001076720655,0,LRU,42
looping,1000,8,LRU,4,6,994,0.994,0.000302100001135841,0,LRU,42
looping,1000,8,LRU,5,6,994,0.994,0.00017829998978413641,0,LRU,42
looping,1000,8,Optimal,1,6,994,0.994,0.00026440000510774553,0,Optimal,42
looping,1000,8,Optimal,2,6,994,0.994,0.0002508999896235764,0,Optimal,42
looping,1000,8,Optimal,3,6,994,0.994,0.00043470002128742635,0,Optimal,42
looping,1000,8,Optimal,4,6,994,0.994,0.00042830000165849924,0,Optimal,42
looping,1000,8,Optimal,5,6,994,0.994,0.00043539999751374125,0,Optimal,42
looping,1000,8,Clock,1,6,994,0.994,0.0010684000153560191,0,Clock,42
looping,1000,8,Clock,2,6,994,0.994,0.0007073000015225261,0,Clock,42
looping,1000,8,Clock,3,6,994,0.994,0.0008674999990034848,0,Clock,42
looping,1000,8,Clock,4,6,994,0.994,0.0005872999900020659,0,Clock,42
looping,1000,8,Clock,5,6,994,0.994,0.00039870000910013914,0,Clock,42
looping,1000,8,LFU,1,6,994,0.994,0.00023389997659251094,0,LFU,42
looping,1000,8,LFU,2,6,994,0.994,0.00022869999520480633,0,LFU,42
looping,1000,8,LFU,3,6,994,0.994,0.0003097000007983297,0,LFU,42
looping,1000,8,LFU,4,6,994,0.994,0.0003046999918296933,0,LFU,42
looping,1000,8,LFU,5,6,994,0.994,0.0003040000156033784,0,LFU,42
looping,1000,8,Adaptive_W50,1,6,994,0.994,0.0016405000060331076,0,LRU,42
looping,1000,8,Adaptive_W50,2,6,994,0.994,0.00162980001186952,0,LRU,42
looping,1000,8,Adaptive_W50,3,6,994,0.994,0.0014751999988220632,0,LRU,42
looping,1000,8,Adaptive_W50,4,6,994,0.994,0.0015056999982334673,0,LRU,42
looping,1000,8,Adaptive_W50,5,6,994,0.994,0.0015264000103343278,0,LRU,42
looping,1000,8,Adaptive_W100,1,6,994,0.994,0.001540499972179532,0,LRU,42
looping,1000,8,Adaptive_W100,2,6,994,0.994,0.0012562999909278005,0,LRU,42
looping,1000,8,Adaptive_W100,3,6,994,0.994,0.0013263000000733882,0,LRU,42
looping,1000,8,Adaptive_W100,4,6,994,0.994,0.0015768999874126166,0,LRU,42
looping,1000,8,Adaptive_W100,5,6,994,0.994,0.0008980999991763383,0,LRU,42
looping,5000,3,FIFO,1,5000,0,0.0,0.0018983999907504767,0,FIFO,42
looping,5000,3,FIFO,2,5000,0,0.0,0.0009744999988470227,0,FIFO,42
looping,5000,3,FIFO,3,5000,0,0.0,0.0012298999936319888,0,FIFO,42
looping,5000,3,FIFO,4,5000,0,0.0,0.0016401000029873103,0,FIFO,42
looping,5000,3,FIFO,5,5000,0,0.0,0.001740399980917573,0,FIFO,42
looping,5000,3,LRU,1,5000,0,0.0,0.002842299989424646,0,LRU,42
looping,5000,3,LRU,2,5000,0,0.0,0.002734000008786097,0,LRU,42
looping,5000,3,LRU,3,5000,0,0.0,0.0030630999826826155,0,LRU,42
looping,5000,3,LRU,4,5000,0,0.0,0.002714000002015382,0,LRU,42
looping,5000,3,LRU,5,5000,0,0.0,0.002906999987317249,0,LRU,42
looping,5000,3,Optimal,1,3002,1998,0.3996,0.005264999985229224,0,Optimal,42
looping,5000,3,Optimal,2,3002,1998,0.3996,0.005084700009319931,0,Optimal,42
looping,5000,3,Optimal,3,3002,1998,0.3996,0.004882199980784208,0,Optimal,42
looping,5000,3,Optimal,4,3002,1998,0.3996,0.004750899999635294,0,Optimal,42
looping,5000,3,Optimal,5,3002,1998,0.3996,0.004372499999590218,0,Optimal,42
looping,5000,3,Clock,1,5000,0,0.0,0.005083500000182539,0,Clock,42
looping,5000,3,Clock,2,5000,0,0.0,0.005791400006273761,0,Clock,42
looping,5000,3,Clock,3,5000,0,0.0,0.005795300006866455,0,Clock,42
looping,5000,3,Clock,4,5000,0,0.0,0.005739899992477149,0,Clock,42
looping,5000,3,Clock,5,5000,0,0.0,0.005310600012307987,0,Clock,42
looping,5000,3,LFU,1,5000,0,0.0,0.010851800005184487,0,LFU,42
looping,5000,3,LFU,2,5000,0,0.0,0.010357000021031126,0,LFU,42
looping,5000,3,LFU,3,5000,0,0.0,0.0116011000063736,0,LFU,42
looping,5000,3,LFU,4,5000,0,0.0,0.010657299979357049,0,LFU,42
looping,5000,3,LFU,5,5000,0,0.0,0.01048689999151975,0,LFU,42
looping,5000,3,Adaptive_W50,1,5000,0,0.0,0.011373000015737489,0,LRU,42
looping,5000,3,Adaptive_W50,2,5000,0,0.0,0.013359800010221079,0,LRU,42
looping,5000,3,Adaptive_W50,3,5000,0,0.0,0.012652000004891306,0,LRU,42
looping,5000,3,Adaptive_W50,4,5000,0,0.0,0.012222699995618314,0,LRU,42
looping,5000,3,Adaptive_W50,5,5000,0,0.0,0.011987399979261681,0,LRU,42
looping,5000,3,Adaptive_W100,1,5000,0,0.0,0.013000400009332225,0,LRU,42
looping,5000,3,Adaptive_W100,2,5000,0,0.0,0.011102899996330962,0,LRU,42
looping,5000,3,Adaptive_W100,3,5000,0,0.0,0.010937100014416501,0,LRU,42
looping,5000,3,Adaptive_W100,4,5000,0,0.0,0.013368300016736612,0,LRU,42
looping,5000,3,Adaptive_W100,5,5000,0,0.0,0.011225199996260926,0,LRU,42
looping,5000,5,FIFO,1,5000,0,0.0,0.001967800024431199,0,FIFO,42
looping,5000,5,FIFO,2,5000,0,0.0,0.0019647000008262694,0,FIFO,42
looping,5000,5,FIFO,3,5000,0,0.0,0.0020018000213894993,0,FIFO,42
looping,5000,5,FIFO,4,5000,0,0.0,0.0020052000181749463,0,FIFO,42
looping,5000,5,FIFO,5,5000,0,0.0,0.0018374999926891178,0,FIFO,42
looping,5000,5,LRU,1,5000,0,0.0,0.003271199995651841,0,LRU,42
looping,5000,5,LRU,2,5000,0,0.0,0.0029884999967180192,0,LRU,42
looping,5000,5,LRU,3,5000,0,0.0,0.0036137999850325286,0,LRU,42
looping,5000,5,LRU,4,5000,0,0.0,0.0025156999763567,0,LRU,42
looping,5000,5,LRU,5,5000,0,0.0,0.0027054999954998493,0,LRU,42
looping,5000,5,Optimal,1,1004,3996,0.7992,0.003364000003784895,0,Optimal,42
looping,5000,5,Optimal,2,1004,3996,0.7992,0.0037252000183798373,0,Optimal,42
looping,5000,5,Optimal,3,1004,3996,0.7992,0.003137200023047626,0,Optimal,42
looping,5000,5,Optimal,4,1004,3996,0.7992,0.004427899984875694,0,Optimal,42
looping,5000,5,Optimal,5,1004,3996,0.7992,0.0035028000129386783,0,Optimal,42
looping,5000,5,Clock,1,5000,0,0.0,0.007944799988763407,0,Clock,42
looping,5000,5,Clock,2,5000,0,0.0,0.007329200016101822,0,Clock,42
looping,5000,5,Clock,3,5000,0,0.0,0.006749499996658415,0,Clock,42
looping,5000,5,Clock,4,5000,0,0.0,0.00626130000455305,0,Clock,42
looping,5000,5,Clock,5,5000,0,0.0,0.00695770001038909,0,Clock,42
looping,5000,5,LFU,1,5000,0,0.0,0.01441020000493154,0,LFU,42
looping,5000,5,LFU,2,5000,0,0.0,0.012300100002903491,0,LFU,42
looping,5000,5,LFU,3,5000,0,0.0,0.012865699973190203,0,LFU,42
looping,5000,5,LFU,4,5000,0,0.0,0.014228199986973777,0,LFU,42
looping,5000,5,LFU,5,5000,0,0.0,0.012594899977557361,0,LFU,42
looping,5000,5,Adaptive_W50,1,5000,0,0.0,0.008140800026012585,0,LRU,42
looping,5000,5,Adaptive_W50,2,5000,0,0.0,0.0106423000106588,0,LRU,42
looping,5000,5,Adaptive_W50,3,5000,0,0.0,0.010679200000595301,0,LRU,42
looping,5000,5,Adaptive_W50,4,5000,0,0.0,0.009082100004889071,0,LRU,42
looping,5000,5,Adaptive_W50,5,5000,0,0.0,0.01000390000990592,0,LRU,42
looping,5000,5,Adaptive_W100,1,5000,0,0.0,0.009729300014441833,0,LRU,42
looping,5000,5,Adaptive_W100,2,5000,0,0.0,0.010669899987988174,0,LRU,42
looping,5000,5,Adaptive_W100,3,5000,0,0.0,0.00978459999896586,0,LRU,42
looping,5000,5,Adaptive_W100,4,5000,0,0.0,0.012175400013802573,0,LRU,42
looping,5000,5,Adaptive_W100,5,5000,0,0.0,0.011036999989300966,0,LRU,42
looping,5000,8,FIFO,1,6,4994,0.9988,0.0004105999832972884,0,FIFO,42
looping,5000,8,FIFO,2,6,4994,0.9988,0.00025519999326206744,0,FIFO,42
looping,5000,8,FIFO,3,6,4994,0.9988,0.0003581999917514622,0,FIFO,42
looping,5000,8,FIFO,4,6,4994,0.9988,0.0008778000192251056,0,FIFO,42
looping,5000,8,FIFO,5,6,4994,0.9988,0.00041160002001561224,0,FIFO,42
looping,5000,8,LRU,1,6,4994,0.9988,0.0008388999849557877,0,LRU,42
looping,5000,8,LRU,2,6,4994,0.9988,0.0009702000243123621,0,LRU,42
looping,5000,8,LRU,3,6,4994,0.9988,0.0009669999999459833,0,LRU,42
looping,5000,8,LRU,4,6,4994,0.9988,0.0009674000029917806,0,LRU,42
looping,5000,8,LRU,5,6,4994,0.9988,0.0009660999930929393,0,LRU,42
looping,5000,8,Optimal,1,6,4994,0.9988,0.0016288000042550266,0,Optimal,42
looping,5000,8,Optimal,2,6,4994,0.9988,0.0011737000022549182,0,Optimal,42
looping,5000,8,Optimal,3,6,4994,0.9988,0.0011277999728918076,0,Optimal,42
looping,5000,8,Optimal,4,6,4994,0.9988,0.0014526000013574958,0,Optimal,42
looping,5000,8,Optimal,5,6,4994,0.9988,0.0021231000137049705,0,Optimal,42
looping,5000,8,Clock,1,6,4994,0.9988,0.003960100002586842,0,Clock,42
looping,5000,8,Clock,2,6,4994,0.9988,0.0035051000013481826,0,Clock,42
looping,5000,8,Clock,3,6,4994,0.9988,0.003906700003426522,0,Clock,42
looping,5000,8,Clock,4,6,4994,0.9988,0.0035914999898523092,0,Clock,42
looping,5000,8,Clock,5,6,4994,0.9988,0.0030171000107657164,0,Clock,42
looping,5000,8,LFU,1,6,4994,0.9988,0.0012382999993860722,0,LFU,42
looping,5000,8,LFU,2,6,4994,0.9988,0.0014973999932408333,0,LFU,42
looping,5000,8,LFU,3,6,4994,0.9988,0.0016649000172037631,0,LFU,42
looping,5000,8,LFU,4,6,4994,0.9988,0.0016730999923311174,0,LFU,42
looping,5000,8,LFU,5,6,4994,0.9988,0.001671499980147928,0,LFU,42
looping,5000,8,Adaptive_W50,1,6,4994,0.9988,0.008702499995706603,0,LRU,42
looping,5000,8,Adaptive_W50,2,6,4994,0.9988,0.007922400021925569,0,LRU,42
looping,5000,8,Adaptive_W50,3,6,4994,0.9988,0.008207699982449412,0,LRU,42
looping,5000,8,Adaptive_W50,4,6,4994,0.9988,0.00797390000661835,0,LRU,42
looping,5000,8,Adaptive_W50,5,6,4994,0.9988,0.007882400008384138,0,LRU,42
looping,5000,8,Adaptive_W100,1,6,4994,0.9988,0.007019100012257695,0,LRU,42
looping,5000,8,Adaptive_W100,2,6,4994,0.9988,0.006503100012196228,0,LRU,42
looping,5000,8,Adaptive_W100,3,6,4994,0.9988,0.006813300016801804,0,LRU,42
looping,5000,8,Adaptive_W100,4,6,4994,0.9988,0.0068109999992884696,0,LRU,42
looping,5000,8,Adaptive_W100,5,6,4994,0.9988,0.00869849999435246,0,LRU,42
looping,20000,3,FIFO,1,20000,0,0.0,0.007769099989673123,0,FIFO,42
looping,20000,3,FIFO,2,20000,0,0.0,0.009100700000999495,0,FIFO,42
looping,20000,3,FIFO,3,20000,0,0.0,0.011605599982431158,0,FIFO,42
looping,20000,3,FIFO,4,20000,0,0.0,0.00991500000236556,0,FIFO,42
looping,20000,3,FIFO,5,20000,0,0.0,0.008160400000633672,0,FIFO,42
looping,20000,3,LRU,1,20000,0,0.0,0.009512199991149828,0,LRU,42
looping,20000,3,LRU,2,20000,0,0.0,0.012514100002590567,0,LRU,42
looping,20000,3,LRU,3,20000,0,0.0,0.010496800008695573,0,LRU,42
looping,20000,3,LRU,4,20000,0,0.0,0.010539100010646507,0,LRU,42
looping,20000,3,LRU,5,20000,0,0.0,0.011701000010361895,0,LRU,42
looping,20000,3,Optimal,1,12002,7998,0.3999,0.015323800005717203,0,Optimal,42
looping,20000,3,Optimal,2,12002,7998,0.3999,0.019024899986106902,0,Optimal,42
looping,20000,3,Optimal,3,12002,7998,0.3999,0.021854199992958456,0,Optimal,42
looping,20000,3,Optimal,4,12002,7998,0.3999,0.01991740000084974,0,Optimal,42
looping,20000,3,Optimal,5,12002,7998,0.3999,0.01742960000410676,0,Optimal,42
looping,20000,3,Clock,1,20000,0,0.0,0.024447500007227063,0,Clock,42
looping,20000,3,Clock,2,20000,0,0.0,0.027179400000022724,0,Clock,42
looping,20000,3,Clock,3,20000,0,0.0,0.023904800007585436,0,Clock,42
looping,20000,3,Clock,4,20000,0,0.0,0.02460649999557063,0,Clock,42
looping,20000,3,Clock,5,20000,0,0.0,0.02556360000744462,0,Clock,42
looping,20000,3,LFU,1,20000,0,0.0,0.04741769999964163,0,LFU,42
looping,20000,3,LFU,2,20000,0,0.0,0.043989400001009926,0,LFU,42
looping,20000,3,LFU,3,20000,0,0.0,0.03095840002060868,0,LFU,42
looping,20000,3,LFU,4,20000,0,0.0,0.04236180000589229,0,LFU,42
looping,20000,3,LFU,5,20000,0,0.0,0.04366720002144575,0,LFU,42
looping,20000,3,Adaptive_W50,1,20000,0,0.0,0.043384699994931,0,LRU,42
looping,20000,3,Adaptive_W50,2,20000,0,0.0,0.04656859999522567,0,LRU,42
looping,20000,3,Adaptive_W50,3,20000,0,0.0,0.04575000001932494,0,LRU,42
looping,20000,3,Adaptive_W50,4,20000,0,0.0,0.051166299992473796,0,LRU,42
looping,20000,3,Adaptive_W50,5,20000,0,0.0,0.053924999985611066,0,LRU,42
looping,20000,3,Adaptive_W100,1,20000,0,0.0,0.04357049998361617,0,LRU,42
looping,20000,3,Adaptive_W100,2,20000,0,0.0,0.041558099997928366,0,LRU,42
looping,20000,3,Adaptive_W100,3,20000,0,0.0,0.04480109998257831,0,LRU,42
looping,20000,3,Adaptive_W100,4,20000,0,0.0,0.04387569997925311,0,LRU,42
looping,20000,3,Adaptive_W100,5,20000,0,0.0,0.04194819999975152,0,LRU,42
looping,20000,5,FIFO,1,20000,0,0.0,0.007818800018867478,0,FIFO,42
looping,20000,5,FIFO,2,20000,0,0.0,0.008027999982004985,0,FIFO,42
looping,20000,5,FIFO,3,20000,0,0.0,0.007539800019003451,0,FIFO,42
looping,20000,5,FIFO,4,20000,0,0.0,0.007543300016550347,0,FIFO,42
looping,20000,5,FIFO,5,20000,0,0.0,0.006597199972020462,0,FIFO,42
looping,20000,5,LRU,1,20000,0,0.0,0.011680700001306832,0,LRU,42
looping,20000,5,LRU,2,20000,0,0.0,0.011751900019589812,0,LRU,42
looping,20000,5,LRU,3,20000,0,0.0,0.011859100020956248,0,LRU,42
looping,20000,5,LRU,4,20000,0,0.0,0.013319000019691885,0,LRU,42
looping,20000,5,LRU,5,20000,0,0.0,0.013213099999120459,0,LRU,42
looping,20000,5,Optimal,1,4004,15996,0.7998,0.01637789999949746,0,Optimal,42
looping,20000,5,Optimal,2,4004,15996,0.7998,0.013779900007648394,0,Optimal,42
looping,20000,5,Optimal,3,4004,15996,0.7998,0.014859299990348518,0,Optimal,42
looping,20000,5,Optimal,4,4004,15996,0.7998,0.013990599982207641,0,Optimal,42
looping,20000,5,Optimal,5,4004,15996,0.7998,0.01344260000041686,0,Optimal,42
looping,20000,5,Clock,1,20000,0,0.0,0.031230299995513633,0,Clock,42
looping,20000,5,Clock,2,20000,0,0.0,0.029609500023070723,0,Clock,42
looping,20000,5,Clock,3,20000,0,0.0,0.03007340000476688,0,Clock,42
looping,20000,5,Clock,4,20000,0,0.0,0.028827999980421737,0,Clock,42
looping,20000,5,Clock,5,20000,0,0.0,0.03314300000783987,0,Clock,42
looping,20000,5,LFU,1,20000,0,0.0,0.059386499982792884,0,LFU,42
looping,20000,5,LFU,2,20000,0,0.0,0.06200050000916235,0,LFU,42
looping,20000,5,LFU,3,20000,0,0.0,0.04838800002471544,0,LFU,42
looping,20000,5,LFU,4,20000,0,0.0,0.05508740001823753,0,LFU,42
looping,20000,5,LFU,5,20000,0,0.0,0.06533540002419613,0,LFU,42
looping,20000,5,Adaptive_W50,1,20000,0,0.0,0.0511881000129506,0,LRU,42
looping,20000,5,Adaptive_W50,2,20000,0,0.0,0.05648910001036711,0,LRU,42
looping,20000,5,Adaptive_W50,3,20000,0,0.0,0.04654029998346232,0,LRU,42
looping,20000,5,Adaptive_W50,4,20000,0,0.0,0.04752550000557676,0,LRU,42
looping,20000,5,Adaptive_W50,5,20000,0,0.0,0.04566899998462759,0,LRU,42
looping,20000,5,Adaptive_W100,1,20000,0,0.0,0.04000780000933446,0,LRU,42
looping,20000,5,Adaptive_W100,2,20000,0,0.0,0.04086139998980798,0,LRU,42
looping,20000,5,Adaptive_W100,3,20000,0,0.0,0.041181800013873726,0,LRU,42
looping,20000,5,Adaptive_W100,4,20000,0,0.0,0.04592699999921024,0,LRU,42
looping,20000,5,Adaptive_W100,5,20000,0,0.0,0.04760990000795573,0,LRU,42
looping,20000,8,FIFO,1,6,19994,0.9997,0.0019617000070866197,0,FIFO,42
looping,20000,8,FIFO,2,6,19994,0.9997,0.0016441000043414533,0,FIFO,42
looping,20000,8,FIFO,3,6,19994,0.9997,0.002907299989601597,0,FIFO,42
looping,20000,8,FIFO,4,6,19994,0.9997,0.0020868999999947846,0,FIFO,42
looping,20000,8,FIFO,5,6,19994,0.9997,0.0015398999967146665,0,FIFO,42
looping,20000,8,LRU,1,6,19994,0.9997,0.004528400022536516,0,LRU,42
looping,20000,8,LRU,2,6,19994,0.9997,0.00453669999842532,0,LRU,42
looping,20000,8,LRU,3,6,19994,0.9997,0.00428330001886934,0,LRU,42
looping,20000,8,LRU,4,6,19994,0.9997,0.004496900015510619,0,LRU,42
looping,20000,8,LRU,5,6,19994,0.9997,0.00470109999878332,0,LRU,42
looping,20000,8,Optimal,1,6,19994,0.9997,0.010580500005744398,0,Optimal,42
looping,20000,8,Optimal,2,6,19994,0.9997,0.009363199991639704,0,Optimal,42
looping,20000,8,Optimal,3,6,19994,0.9997,0.008909199998015538,0,Optimal,42
looping,20000,8,Optimal,4,6,19994,0.9997,0.010915299993939698,0,Optimal,42
looping,20000,8,Optimal,5,6,19994,0.9997,0.011657800001557916,0,Optimal,42
looping,20000,8,Clock,1,6,19994,0.9997,0.013708600017707795,0,Clock,42
looping,20000,8,Clock,2,6,19994,0.9997,0.016141200001584366,0,Clock,42
looping,20000,8,Clock,3,6,19994,0.9997,0.015198100009001791,0,Clock,42
looping,20000,8,Clock,4,6,19994,0.9997,0.015034500014735386,0,Clock,42
looping,20000,8,Clock,5,6,19994,0.9997,0.01584740000544116,0,Clock,42
looping,20000,8,LFU,1,6,19994,0.9997,0.006888400006573647,0,LFU,42
looping,20000,8,LFU,2,6,19994,0.9997,0.008521899988409132,0,LFU,42
looping,20000,8,LFU,3,6,19994,0.9997,0.006872900004964322,0,LFU,42
looping,20000,8,LFU,4,6,19994,0.9997,0.007311199995456263,0,LFU,42
looping,20000,8,LFU,5,6,19994,0.9997,0.006847799988463521,0,LFU,42
looping,20000,8,Adaptive_W50,1,6,19994,0.9997,0.027300599991576746,0,LRU,42
looping,20000,8,Adaptive_W50,2,6,19994,0.9997,0.033354699990013614,0,LRU,42
looping,20000,8,Adaptive_W50,3,6,19994,0.9997,0.03215939999790862,0,LRU,42
looping,20000,8,Adaptive_W50,4,6,19994,0.9997,0.035281999997096136,0,LRU,42
looping,20000,8,Adaptive_W50,5,6,19994,0.9997,0.032145600009243935,0,LRU,42
looping,20000,8,Adaptive_W100,1,6,19994,0.9997,0.029280400020070374,0,LRU,42
looping,20000,8,Adaptive_W100,2,6,19994,0.9997,0.028754500002833083,0,LRU,42
looping,20000,8,Adaptive_W100,3,6,19994,0.9997,0.02462439998635091,0,LRU,42
looping,20000,8,Adaptive_W100,4,6,19994,0.9997,0.027427200024249032,0,LRU,42
looping,20000,8,Adaptive_W100,5,6,19994,0.9997,0.029713299998547882,0,LRU,42
