workload_type,N,frame_capacity,algorithm,page_faults,page_hits,hit_ratio,mean_execution_time_sec,std_execution_time_sec,min_execution_time_sec,max_execution_time_sec,switches_count,final_strategy,random_seed
high_locality,1000,3,FIFO,798,202,0.202,0.00017034,1.545e-05,0.0001583,0.0001966,0,FIFO,42
high_locality,1000,3,LRU,798,202,0.202,0.00031378,9.99e-06,0.0003055,0.0003304,0,LRU,42
high_locality,1000,3,Optimal,604,396,0.396,0.0006426,7.935e-05,0.0005951,0.0007792,0,Optimal,42
high_locality,1000,3,Clock,798,202,0.202,0.00083514,0.00022529,0.0006668,0.0012317,0,Clock,42
high_locality,1000,3,LFU,765,235,0.235,0.00109394,1.72e-05,0.0010727,0.0011098,0,LFU,42
high_locality,1000,3,Adaptive_W50,798,202,0.202,0.00165346,0.00063085,0.0012161,0.0027267,0,LRU,42
high_locality,1000,3,Adaptive_W100,798,202,0.202,0.00152524,0.0001765,0.0013864,0.0018044,0,LRU,42
high_locality,1000,5,FIFO,692,308,0.308,0.00022104,9.48e-06,0.0002111,0.0002333,0,FIFO,42
high_locality,1000,5,LRU,687,313,0.313,0.0002751,7.18e-06,0.0002694,0.0002856,0,LRU,42
high_locality,1000,5,Optimal,442,558,0.558,0.0006355,1.569e-05,0.0006189,0.0006585,0,Optimal,42
high_locality,1000,5,Clock,691,309,0.309,0.00117332,0.00019266,0.0009124,0.0013985,0,Clock,42
high_locality,1000,5,LFU,610,390,0.39,0.0011648,6.459e-05,0.0011271,0.0012799,0,LFU,42
high_locality,1000,5,Adaptive_W50,687,313,0.313,0.00158356,0.0001934,0.0013596,0.0018847,0,LRU,42
high_locality,1000,5,Adaptive_W100,687,313,0.313,0.00136006,1.587e-05,0.0013346,0.0013765,0,LRU,42
high_locality,1000,8,FIFO,548,452,0.452,0.0002094,9.39e-06,0.0001994,0.0002236,0,FIFO,42
high_locality,1000,8,LRU,524,476,0.476,0.00023452,1.185e-05,0.0002211,0.0002466,0,LRU,42
high_locality,1000,8,Optimal,291,709,0.709,0.00054158,3.678e-05,0.0005026,0.0005983,0,Optimal,42
high_locality,1000,8,Clock,535,465,0.465,0.00106502,0.00041506,0.0007195,0.0017871,0,Clock,42
high_locality,1000,8,LFU,385,615,0.615,0.00113408,0.0001156,0.0010109,0.0012619,0,LFU,42
high_locality,1000,8,Adaptive_W50,524,476,0.476,0.00159162,0.00026037,0.0014382,0.0020509,0,LRU,42
high_locality,1000,8,Adaptive_W100,524,476,0.476,0.00136016,9.012e-05,0.0012833,0.0014972,0,LRU,42
high_locality,5000,3,FIFO,4071,929,0.1858,0.00107726,3.122e-05,0.001043,0.0011084,0,FIFO,42
high_locality,5000,3,LRU,4070,930,0.186,0.00210694,0.00065809,0.001581,0.0032496,0,LRU,42
high_locality,5000,3,Optimal,3016,1984,0.3968,0.00357342,0.00052366,0.0029064,0.0041615,0,Optimal,42
high_locality,5000,3,Clock,4062,938,0.1876,0.00392182,0.00050446,0.0032888,0.004626,0,Clock,42
high_locality,5000,3,LFU,3861,1139,0.2278,0.00476602,0.00035036,0.0044066,0.0052596,0,LFU,42
high_locality,5000,3,Adaptive_W50,4070,930,0.186,0.00864938,0.00165272,0.0072861,0.0114882,0,LRU,42
high_locality,5000,3,Adaptive_W100,4070,930,0.186,0.00782174,0.00110127,0.0066081,0.0096254,0,LRU,42
high_locality,5000,5,FIFO,3495,1505,0.301,0.00110562,0.00014551,0.0009232,0.0012531,0,FIFO,42
high_locality,5000,5,LRU,3458,1542,0.3084,0.0011788,0.00016024,0.0010911,0.001464,0,LRU,42
high_locality,5000,5,Optimal,2167,2833,0.5666,0.00328814,0.00025328,0.0031548,0.0037376,0,Optimal,42
high_locality,5000,5,Clock,3494,1506,0.3012,0.00439604,0.00033313,0.0040088,0.0048337,0,Clock,42
high_locality,5000,5,LFU,3083,1917,0.3834,0.00563534,0.00070451,0.0049209,0.0065529,0,LFU,42
high_locality,5000,5,Adaptive_W50,3458,1542,0.3084,0.00813888,0.00145094,0.0066697,0.0105772,0,LRU,42
high_locality,5000,5,Adaptive_W100,3458,1542,0.3084,0.00676664,0.00054348,0.006195,0.0075369,0,LRU,42
high_locality,5000,8,FIFO,2730,2270,0.454,0.00102414,0.00014952,0.0008699,0.0011977,0,FIFO,42
high_locality,5000,8,LRU,2566,2434,0.4868,0.00145366,0.00029942,0.0012097,0.001946,0,LRU,42
high_locality,5000,8,Optimal,1374,3626,0.7252,0.00302186,0.00039606,0.0025184,0.0034448,0,Optimal,42
high_locality,5000,8,Clock,2634,2366,0.4732,0.0043361,0.00042682,0.0038304,0.0047824,0,Clock,42
high_locality,5000,8,LFU,1959,3041,0.6082,0.00583288,0.00085152,0.004545,0.0069041,0,LFU,42
high_locality,5000,8,Adaptive_W50,2566,2434,0.4868,0.00774248,0.00097068,0.0063325,0.0088137,0,LRU,42
high_locality,5000,8,Adaptive_W100,2566,2434,0.4868,0.0066562,0.0006816,0.0055877,0.007376,0,LRU,42
high_locality,20000,3,FIFO,16285,3715,0.18575,0.00464654,0.00039564,0.0041335,0.0052223,0,FIFO,42
high_locality,20000,3,LRU,16245,3755,0.18775,0.006733,0.00080539,0.0056508,0.0075499,0,LRU,42
high_locality,20000,3,Optimal,12102,7898,0.3949,0.01246012,0.00051981,0.0116843,0.0131132,0,Optimal,42
high_locality,20000,3,Clock,16269,3731,0.18655,0.01369034,0.00148118,0.0114757,0.0153281,0,Clock,42
high_locality,20000,3,LFU,15550,4450,0.2225,0.02108058,0.00201498,0.0196769,0.024605,0,LFU,42
high_locality,20000,3,Adaptive_W50,16244,3756,0.1878,0.03035726,0.00172863,0.027371,0.0315813,2,LRU,42
high_locality,20000,3,Adaptive_W100,16245,3755,0.18775,0.02682238,0.00160138,0.0254007,0.0295621,0,LRU,42
high_locality,20000,5,FIFO,14036,5964,0.2982,0.00428982,0.00063728,0.0035567,0.0050768,0,FIFO,42
high_locality,20000,5,LRU,13812,6188,0.3094,0.0057533,0.00039167,0.0054976,0.0064114,0,LRU,42
high_locality,20000,5,Optimal,8711,11289,0.56445,0.01287246,0.00124945,0.0108548,0.013885,0,Optimal,42
high_locality,20000,5,Clock,13992,6008,0.3004,0.01627498,0.00140956,0.0146088,0.0177403,0,Clock,42
high_locality,20000,5,LFU,12373,7627,0.38135,0.02357026,0.00102512,0.0224387,0.0248736,0,LFU,42
high_locality,20000,5,Adaptive_W50,13809,6191,0.30955,0.029464,0.00224991,0.0257737,0.0318627,2,LRU,42
high_locality,20000,5,Adaptive_W100,13812,6188,0.3094,0.02665412,0.00221734,0.02281,0.0282622,0,LRU,42
high_locality,20000,8,FIFO,10954,9046,0.4523,0.00415652,0.00041833,0.0034601,0.0045504,0,FIFO,42
high_locality,20000,8,LRU,10327,9673,0.48365,0.00434628,0.00068576,0.0038255,0.0052392,0,LRU,42
high_locality,20000,8,Optimal,5565,14435,0.72175,0.01185486,0.00087206,0.0109709,0.0130002,0,Optimal,42
high_locality,20000,8,Clock,10692,9308,0.4654,0.01625102,0.00081749,0.0148643,0.0169851,0,Clock,42
high_locality,20000,8,LFU,7826,12174,0.6087,0.018883,0.00094567,0.0178115,0.0202343,0,LFU,42
high_locality,20000,8,Adaptive_W50,10322,9678,0.4839,0.03001388,0.00120041,0.0280791,0.0310686,2,LRU,42
high_locality,20000,8,Adaptive_W100,10327,9673,0.48365,0.02416308,0.0017924,0.021651,0.0264773,0,LRU,42
sequential,1000,3,FIFO,1000,0,0.0,0.00020876,8.56e-06,0.0002019,0.0002229,0,FIFO,42
sequential,1000,3,LRU,1000,0,0.0,0.00036486,5.187e-05,0.0003104,0.0004468,0,LRU,42
sequential,1000,3,Optimal,938,62,0.062,0.00076002,2.664e-05,0.0007367,0.0007984,0,Optimal,42
sequential,1000,3,Clock,1000,0,0.0,0.00074894,7.888e-05,0.0006996,0.0008888,0,Clock,42
sequential,1000,3,LFU,1000,0,0.0,0.00139298,0.00018772,0.0012437,0.001627,0,LFU,42
sequential,1000,3,Adaptive_W50,1000,0,0.0,0.00282094,0.00057469,0.0019278,0.0033551,12,LRU,42
sequential,1000,3,Adaptive_W100,1000,0,0.0,0.00123858,0.00020407,0.0011203,0.0016007,0,LRU,42
sequential,1000,5,FIFO,995,5,0.005,0.00016932,5.58e-06,0.0001636,0.0001781,0,FIFO,42
sequential,1000,5,LRU,995,5,0.005,0.00024446,4.08e-06,0.0002415,0.0002516,0,LRU,42
sequential,1000,5,Optimal,883,117,0.117,0.00095594,0.0002531,0.0007835,0.0013681,0,Optimal,42
sequential,1000,5,Clock,995,5,0.005,0.00090472,6.088e-05,0.0008687,0.0010122,0,Clock,42
sequential,1000,5,LFU,987,13,0.013,0.00178674,0.00014652,0.0016824,0.0020396,0,LFU,42
sequential,1000,5,Adaptive_W50,995,5,0.005,0.00205236,0.00023603,0.0018933,0.0024514,12,LRU,42
sequential,1000,5,Adaptive_W100,995,5,0.005,0.00158972,0.00024774,0.0013901,0.0019737,0,LRU,42
sequential,1000,8,FIFO,974,26,0.026,0.00026688,3.372e-05,0.0002247,0.0003088,0,FIFO,42
sequential,1000,8,LRU,974,26,0.026,0.00032974,5.48e-06,0.0003256,0.000339,0,LRU,42
sequential,1000,8,Optimal,806,194,0.194,0.00134966,0.00045853,0.0010277,0.0021532,0,Optimal,42
sequential,1000,8,Clock,974,26,0.026,0.00089126,2.336e-05,0.0008644,0.000919,0,Clock,42
sequential,1000,8,LFU,854,146,0.146,0.00222272,0.00051967,0.0015864,0.0030329,0,LFU,42
sequential,1000,8,Adaptive_W50,974,26,0.026,0.0020293,0.00010173,0.0018754,0.0021322,12,LRU,42
sequential,1000,8,Adaptive_W100,974,26,0.026,0.00137324,6.004e-05,0.0012707,0.0014271,0,LRU,42
sequential,5000,3,FIFO,4983,17,0.0034,0.00121608,0.00018904,0.0010236,0.0015237,0,FIFO,42
sequential,5000,3,LRU,4983,17,0.0034,0.00155458,8.45e-06,0.0015445,0.0015651,0,LRU,42
sequential,5000,3,Optimal,4695,305,0.061,0.00421888,0.00091913,0.0031858,0.0053421,0,Optimal,42
sequential,5000,3,Clock,4983,17,0.0034,0.00322152,0.00054679,0.0028273,0.0040953,0,Clock,42
sequential,5000,3,LFU,4849,151,0.0302,0.00607036,0.0005459,0.0051584,0.0065538,0,LFU,42
sequential,5000,3,Adaptive_W50,4983,17,0.0034,0.00903664,0.00082481,0.0078082,0.0097538,75,Clock,42
sequential,5000,3,Adaptive_W100,4983,17,0.0034,0.00694198,0.00087844,0.0059002,0.0079947,0,LRU,42
sequential,5000,5,FIFO,4964,36,0.0072,0.00083828,3.96e-05,0.0008108,0.0009064,0,FIFO,42
sequential,5000,5,LRU,4962,38,0.0076,0.00131334,0.0002151,0.0012008,0.0016968,0,LRU,42
sequential,5000,5,Optimal,4431,569,0.1138,0.0044641,0.00081748,0.0038886,0.0058796,0,Optimal,42
sequential,5000,5,Clock,4964,36,0.0072,0.00433464,0.00016835,0.0041161,0.0045486,0,Clock,42
sequential,5000,5,LFU,4650,350,0.07,0.00711618,0.00079603,0.0063855,0.0079864,0,LFU,42
sequential,5000,5,Adaptive_W50,4962,38,0.0076,0.01061324,0.00205895,0.0080657,0.0134892,75,Clock,42
sequential,5000,5,Adaptive_W100,4962,38,0.0076,0.00740438,0.00116423,0.0061114,0.0085623,0,LRU,42
sequential,5000,8,FIFO,4881,119,0.0238,0.00097014,0.00014495,0.0008586,0.001199,0,FIFO,42
sequential,5000,8,LRU,4880,120,0.024,0.00119752,1.165e-05,0.0011871,0.0012163,0,LRU,42
sequential,5000,8,Optimal,4057,943,0.1886,0.00585488,0.00074803,0.0051782,0.0067935,0,Optimal,42
sequential,5000,8,Clock,4880,120,0.024,0.00540774,0.00028753,0.0050039,0.0056969,0,Clock,42
sequential,5000,8,LFU,4313,687,0.1374,0.00957114,0.00057071,0.0088727,0.0100492,0,LFU,42
sequential,5000,8,Adaptive_W50,4880,120,0.024,0.00921234,0.00103649,0.0079246,0.0107381,75,Clock,42
sequential,5000,8,Adaptive_W100,4880,120,0.024,0.00697304,0.00077409,0.0059462,0.0079358,0,LRU,42
sequential,20000,3,FIFO,19963,37,0.00185,0.0042709,0.00092425,0.0038126,0.0059223,0,FIFO,42
sequential,20000,3,LRU,19963,37,0.00185,0.00595874,0.0009387,0.0049463,0.0073171,0,LRU,42
sequential,20000,3,Optimal,18786,1214,0.0607,0.01302448,0.00039971,0.0124743,0.0135987,0,Optimal,42
sequential,20000,3,Clock,19963,37,0.00185,0.01358814,0.00163301,0.0119702,0.0154467,0,Clock,42
sequential,20000,3,LFU,19247,753,0.03765,0.0234074,0.00212599,0.0208322,0.0256007,0,LFU,42
sequential,20000,3,Adaptive_W50,19962,38,0.0019,0.0355291,0.0023581,0.0320241,0.0380515,312,LRU,42
sequential,20000,3,Adaptive_W100,19963,37,0.00185,0.02565318,0.00277031,0.0237042,0.0303225,0,LRU,42
sequential,20000,5,FIFO,19891,109,0.00545,0.0033298,9.25e-05,0.0032373,0.0034394,0,FIFO,42
sequential,20000,5,LRU,19889,111,0.00555,0.00527994,0.0008078,0.0048084,0.0067114,0,LRU,42
sequential,20000,5,Optimal,17725,2275,0.11375,0.02042684,0.00134314,0.0183998,0.0216657,0,Optimal,42
sequential,20000,5,Clock,19891,109,0.00545,0.0155723,0.00136521,0.0140905,0.0174063,0,Clock,42
sequential,20000,5,LFU,18395,1605,0.08025,0.03086084,0.00364939,0.0265258,0.0365122,0,LFU,42
sequential,20000,5,Adaptive_W50,19887,113,0.00565,0.03293748,0.00144735,0.0317401,0.0353746,312,LRU,42
sequential,20000,5,Adaptive_W100,19889,111,0.00555,0.02757802,0.00263978,0.0239256,0.0300688,0,LRU,42
sequential,20000,8,FIFO,19698,302,0.0151,0.0037234,0.00032294,0.0033887,0.0041935,0,FIFO,42
sequential,20000,8,LRU,19697,303,0.01515,0.00565368,0.00082168,0.0047402,0.0068874,0,LRU,42
sequential,20000,8,Optimal,16204,3796,0.1898,0.0223376,0.00042019,0.0216996,0.0227718,0,Optimal,42
sequential,20000,8,Clock,19697,303,0.01515,0.0209287,0.00232016,0.0191662,0.0246999,0,Clock,42
sequential,20000,8,LFU,17234,2766,0.1383,0.05672968,0.01704842,0.0387072,0.0757073,0,LFU,42
sequential,20000,8,Adaptive_W50,19691,309,0.01545,0.0660884,0.00195549,0.0646104,0.0690448,312,LRU,42
sequential,20000,8,Adaptive_W100,19697,303,0.01515,0.0494153,0.00239402,0.0469637,0.0528453,0,LRU,42
random,1000,3,FIFO,940,60,0.06,0.00052944,0.00011714,0.0003988,0.0007095,0,FIFO,42
random,1000,3,LRU,941,59,0.059,0.00071774,0.00020707,0.0005655,0.0010754,0,LRU,42
random,1000,3,Optimal,793,207,0.207,0.0012392,0.00037457,0.0010265,0.0019067,0,Optimal,42
random,1000,3,Clock,940,60,0.06,0.0011498,5.49e-06,0.0011434,0.0011554,0,Clock,42
random,1000,3,LFU,950,50,0.05,0.00267108,0.00089739,0.0020243,0.0042269,0,LFU,42
random,1000,3,Adaptive_W50,941,59,0.059,0.00339578,0.00042568,0.0029097,0.0040072,0,LRU,42
random,1000,3,Adaptive_W100,941,59,0.059,0.00276954,0.00052239,0.0020549,0.0034845,0,LRU,42
random,1000,5,FIFO,896,104,0.104,0.00032226,3.412e-05,0.0002768,0.0003636,0,FIFO,42
random,1000,5,LRU,896,104,0.104,0.00058704,9.345e-05,0.0005009,0.0006946,0,LRU,42
random,1000,5,Optimal,681,319,0.319,0.00233226,0.00164966,0.0012601,0.0050797,0,Optimal,42
random,1000,5,Clock,899,101,0.101,0.0013896,6.123e-05,0.0013076,0.00147,0,Clock,42
random,1000,5,LFU,909,91,0.091,0.00361478,0.00207642,0.0024576,0.007296,0,LFU,42
random,1000,5,Adaptive_W50,896,104,0.104,0.0035766,0.00162014,0.0026561,0.0064554,0,LRU,42
random,1000,5,Adaptive_W100,896,104,0.104,0.00259212,0.00036544,0.0021662,0.0030966,0,LRU,42
random,1000,8,FIFO,841,159,0.159,0.00033306,9.2e-06,0.0003252,0.0003474,0,FIFO,42
random,1000,8,LRU,831,169,0.169,0.00140358,0.00191138,0.0003899,0.0048155,0,LRU,42
random,1000,8,Optimal,568,432,0.432,0.00161386,0.00010071,0.0014636,0.0017242,0,Optimal,42
random,1000,8,Clock,836,164,0.164,0.00199422,0.00023483,0.0018025,0.0024017,0,Clock,42
random,1000,8,LFU,861,139,0.139,0.00362002,0.00072831,0.0026929,0.0047021,0,LFU,42
random,1000,8,Adaptive_W50,831,169,0.169,0.00287694,0.00045586,0.0024633,0.0033741,0,LRU,42
random,1000,8,Adaptive_W100,831,169,0.169,0.00217732,0.00035926,0.0017725,0.0027476,0,LRU,42
random,5000,3,FIFO,4693,307,0.0614,0.00187918,0.00019288,0.0015484,0.0020502,0,FIFO,42
random,5000,3,LRU,4695,305,0.061,0.00311876,0.00066303,0.0024845,0.0040352,0,LRU,42
random,5000,3,Optimal,3952,1048,0.2096,0.0058045,0.00076978,0.0052186,0.0071409,0,Optimal,42
random,5000,3,Clock,4694,306,0.0612,0.00626258,0.00055292,0.0057161,0.0071158,0,Clock,42
random,5000,3,LFU,4718,282,0.0564,0.01032974,0.00062866,0.0096437,0.0110777,0,LFU,42
random,5000,3,Adaptive_W50,4695,305,0.061,0.01659006,0.00261983,0.0140293,0.0208976,0,LRU,42
random,5000,3,Adaptive_W100,4695,305,0.061,0.0120911,0.00166087,0.0094954,0.0138646,0,LRU,42
random,5000,5,FIFO,4505,495,0.099,0.00194546,0.00032125,0.0017696,0.0025186,0,FIFO,42
random,5000,5,LRU,4502,498,0.0996,0.00311272,0.00039011,0.0026503,0.0034853,0,LRU,42
random,5000,5,Optimal,3409,1591,0.3182,0.00739272,0.00054781,0.0069123,0.0082317,0,Optimal,42
random,5000,5,Clock,4505,495,0.099,0.00677522,0.00030842,0.0064173,0.0071402,0,Clock,42
random,5000,5,LFU,4519,481,0.0962,0.01405758,0.00109617,0.0124869,0.0155409,0,LFU,42
random,5000,5,Adaptive_W50,4502,498,0.0996,0.01432316,0.00060114,0.0136314,0.0152765,0,LRU,42
random,5000,5,Adaptive_W100,4502,498,0.0996,0.01084504,0.00235029,0.0066847,0.0124697,0,LRU,42
random,5000,8,FIFO,4231,769,0.1538,0.00159386,0.00025768,0.0013659,0.0019892,0,FIFO,42
random,5000,8,LRU,4216,784,0.1568,0.00241894,0.00014838,0.0021804,0.0025621,0,LRU,42
random,5000,8,Optimal,2831,2169,0.4338,0.00755116,0.00025764,0.0071902,0.0079056,0,Optimal,42
random,5000,8,Clock,4215,785,0.157,0.0087673,0.0003846,0.0083014,0.0093513,0,Clock,42
random,5000,8,LFU,4196,804,0.1608,0.01748956,0.00053607,0.0171086,0.018409,0,LFU,42
random,5000,8,Adaptive_W50,4216,784,0.1568,0.01519766,0.00139908,0.0133335,0.0171187,0,LRU,42
random,5000,8,Adaptive_W100,4216,784,0.1568,0.01304608,0.00101088,0.0120412,0.0147401,0,LRU,42
random,20000,3,FIFO,18791,1209,0.06045,0.00920076,0.00133665,0.0075413,0.011009,0,FIFO,42
random,20000,3,LRU,18791,1209,0.06045,0.0129091,0.00100142,0.0120127,0.0145111,0,LRU,42
random,20000,3,Optimal,15779,4221,0.21105,0.02553538,0.00226514,0.0231846,0.0282951,0,Optimal,42
random,20000,3,Clock,18793,1207,0.06035,0.02416066,0.00197971,0.0207658,0.0259376,0,Clock,42
random,20000,3,LFU,18826,1174,0.0587,0.03928476,0.00243471,0.0361785,0.0423325,0,LFU,42
random,20000,3,Adaptive_W50,18791,1209,0.06045,0.05491662,0.0044938,0.050725,0.0617499,0,LRU,42
random,20000,3,Adaptive_W100,18791,1209,0.06045,0.05436856,0.00365452,0.0502148,0.0590019,0,LRU,42
random,20000,5,FIFO,18009,1991,0.09955,0.007664,0.00048833,0.007071,0.0084154,0,FIFO,42
random,20000,5,LRU,18002,1998,0.0999,0.01063938,0.00085844,0.0093066,0.0116567,0,LRU,42
random,20000,5,Optimal,13636,6364,0.3182,0.02897058,0.00089772,0.0279552,0.0301045,0,Optimal,42
random,20000,5,Clock,18004,1996,0.0998,0.02842882,0.00392642,0.0231132,0.0336884,0,Clock,42
random,20000,5,LFU,17971,2029,0.10145,0.05268616,0.00278959,0.0496273,0.0551577,0,LFU,42
random,20000,5,Adaptive_W50,18002,1998,0.0999,0.06029432,0.00358601,0.0554445,0.0647897,0,LRU,42
random,20000,5,Adaptive_W100,18002,1998,0.0999,0.05048592,0.00282633,0.0471715,0.0538142,0,LRU,42
random,20000,8,FIFO,16833,3167,0.15835,0.00716644,0.00024568,0.0068612,0.0074732,0,FIFO,42
random,20000,8,LRU,16810,3190,0.1595,0.0110863,0.00085327,0.0101683,0.0120256,0,LRU,42
random,20000,8,Optimal,11322,8678,0.4339,0.03287696,0.00184544,0.0304613,0.0354114,0,Optimal,42
random,20000,8,Clock,16824,3176,0.1588,0.03500474,0.00152634,0.0335527,0.0372966,0,Clock,42
random,20000,8,LFU,16737,3263,0.16315,0.0655011,0.00623666,0.0553257,0.0714501,0,LFU,42
random,20000,8,Adaptive_W50,16810,3190,0.1595,0.05655556,0.00124289,0.054993,0.0579644,0,LRU,42
random,20000,8,Adaptive_W100,16810,3190,0.1595,0.05122514,0.00275409,0.048599,0.0544246,0,LRU,42
looping,1000,3,FIFO,1000,0,0.0,0.00035,2.278e-05,0.0003113,0.000372,0,FIFO,42
looping,1000,3,LRU,1000,0,0.0,0.00053474,2.835e-05,0.0004853,0.000555,0,LRU,42
looping,1000,3,Optimal,602,398,0.398,0.00090336,0.00029819,0.0005465,0.0013674,0,Optimal,42
looping,1000,3,Clock,1000,0,0.0,0.001116,0.00060642,0.0007763,0.0021937,0,Clock,42
looping,1000,3,LFU,1000,0,0.0,0.00186818,0.00019388,0.0015267,0.0019991,0,LFU,42
looping,1000,3,Adaptive_W50,1000,0,0.0,0.00237542,0.00067073,0.001762,0.003471,0,LRU,42
looping,1000,3,Adaptive_W100,1000,0,0.0,0.00205608,0.00040316,0.0016359,0.0027045,0,LRU,42
looping,1000,5,FIFO,1000,0,0.0,0.00038254,2.177e-05,0.0003527,0.0004141,0,FIFO,42
looping,1000,5,LRU,1000,0,0.0,0.00056372,3.732e-05,0.000534,0.0006287,0,LRU,42
looping,1000,5,Optimal,204,796,0.796,0.0006087,5.186e-05,0.000522,0.0006575,0,Optimal,42
looping,1000,5,Clock,1000,0,0.0,0.00146518,0.00033739,0.0010883,0.0017966,0,Clock,42
looping,1000,5,LFU,1000,0,0.0,0.00302522,0.00027723,0.0026449,0.0033402,0,LFU,42
looping,1000,5,Adaptive_W50,1000,0,0.0,0.00192704,0.00044263,0.0014882,0.0024725,0,LRU,42
looping,1000,5,Adaptive_W100,1000,0,0.0,0.00212622,0.00033149,0.0018235,0.0025082,0,LRU,42
looping,1000,8,FIFO,6,994,0.994,0.00010162,5.26e-06,9.84e-05,0.0001107,0,FIFO,42
looping,1000,8,LRU,6,994,0.994,0.00021022,5.166e-05,0.0001783,0.0003021,0,LRU,42
looping,1000,8,Optimal,6,994,0.994,0.00036274,9.609e-05,0.0002509,0.0004354,0,Optimal,42
looping,1000,8,Clock,6,994,0.994,0.00072584,0.00025689,0.0003987,0.0010684,0,Clock,42
looping,1000,8,LFU,6,994,0.994,0.0002762,4.109e-05,0.0002287,0.0003097,0,LFU,42
looping,1000,8,Adaptive_W50,6,994,0.994,0.00155552,7.503e-05,0.0014752,0.0016405,0,LRU,42
looping,1000,8,Adaptive_W100,6,994,0.994,0.00131962,0.00027236,0.0008981,0.0015769,0,LRU,42
looping,5000,3,FIFO,5000,0,0.0,0.00149666,0.00038249,0.0009745,0.0018984,0,FIFO,42
looping,5000,3,LRU,5000,0,0.0,0.00285208,0.00014199,0.002714,0.0030631,0,LRU,42
looping,5000,3,Optimal,3002,1998,0.3996,0.00487106,0.00034057,0.0043725,0.005265,0,Optimal,42
looping,5000,3,Clock,5000,0,0.0,0.00554414,0.00032759,0.0050835,0.0057953,0,Clock,42
looping,5000,3,LFU,5000,0,0.0,0.01079082,0.00048956,0.010357,0.0116011,0,LFU,42
looping,5000,3,Adaptive_W50,5000,0,0.0,0.01231898,0.00074302,0.011373,0.0133598,0,LRU,42
looping,5000,3,Adaptive_W100,5000,0,0.0,0.01192678,0.00115986,0.0109371,0.0133683,0,LRU,42
looping,5000,5,FIFO,5000,0,0.0,0.0019554,6.851e-05,0.0018375,0.0020052,0,FIFO,42
looping,5000,5,LRU,5000,0,0.0,0.00301894,0.00043872,0.0025157,0.0036138,0,LRU,42
looping,5000,5,Optimal,1004,3996,0.7992,0.00363142,0.00049383,0.0031372,0.0044279,0,Optimal,42
looping,5000,5,Clock,5000,0,0.0,0.0070485,0.00063235,0.0062613,0.0079448,0,Clock,42
looping,5000,5,LFU,5000,0,0.0,0.01327982,0.00097181,0.0123001,0.0144102,0,LFU,42
looping,5000,5,Adaptive_W50,5000,0,0.0,0.00970966,0.0010899,0.0081408,0.0106792,0,LRU,42
looping,5000,5,Adaptive_W100,5000,0,0.0,0.01067924,0.00100863,0.0097293,0.0121754,0,LRU,42
looping,5000,8,FIFO,6,4994,0.9988,0.00046268,0.00024063,0.0002552,0.0008778,0,FIFO,42
looping,5000,8,LRU,6,4994,0.9988,0.00094192,5.761e-05,0.0008389,0.0009702,0,LRU,42
looping,5000,8,Optimal,6,4994,0.9988,0.0015012,0.00040376,0.0011278,0.0021231,0,Optimal,42
looping,5000,8,Clock,6,4994,0.9988,0.0035961,0.00037832,0.0030171,0.0039601,0,Clock,42
looping,5000,8,LFU,6,4994,0.9988,0.00154904,0.0001891,0.0012383,0.0016731,0,LFU,42
looping,5000,8,Adaptive_W50,6,4994,0.9988,0.00813778,0.00033995,0.0078824,0.0087025,0,LRU,42
looping,5000,8,Adaptive_W100,6,4994,0.9988,0.007169,0.00087464,0.0065031,0.0086985,0,LRU,42
looping,20000,3,FIFO,20000,0,0.0,0.00931016,0.00153098,0.0077691,0.0116056,0,FIFO,42
looping,20000,3,LRU,20000,0,0.0,0.01095264,0.00116746,0.0095122,0.0125141,0,LRU,42
looping,20000,3,Optimal,12002,7998,0.3999,0.01870998,0.00247733,0.0153238,0.0218542,0,Optimal,42
looping,20000,3,Clock,20000,0,0.0,0.02514036,0.00128729,0.0239048,0.0271794,0,Clock,42
looping,20000,3,LFU,20000,0,0.0,0.0416789,0.00627736,0.0309584,0.0474177,0,LFU,42
looping,20000,3,Adaptive_W50,20000,0,0.0,0.04815892,0.00428419,0.0433847,0.053925,0,LRU,42
looping,20000,3,Adaptive_W100,20000,0,0.0,0.04315072,0.00136089,0.0415581,0.0448011,0,LRU,42
looping,20000,5,FIFO,20000,0,0.0,0.00750542,0.00054744,0.0065972,0.008028,0,FIFO,42
looping,20000,5,LRU,20000,0,0.0,0.01236476,0.00082606,0.0116807,0.013319,0,LRU,42
looping,20000,5,Optimal,4004,15996,0.7998,0.01449006,0.00117805,0.0134426,0.0163779,0,Optimal,42
looping,20000,5,Clock,20000,0,0.0,0.03057684,0.00167778,0.028828,0.033143,0,Clock,42
looping,20000,5,LFU,20000,0,0.0,0.05803956,0.00656887,0.048388,0.0653354,0,LFU,42
looping,20000,5,Adaptive_W50,20000,0,0.0,0.0494824,0.00444496,0.045669,0.0564891,0,LRU,42
looping,20000,5,Adaptive_W100,20000,0,0.0,0.04311758,0.00341255,0.0400078,0.0476099,0,LRU,42
looping,20000,8,FIFO,6,19994,0.9997,0.00202798,0.00054006,0.0015399,0.0029073,0,FIFO,42
looping,20000,8,LRU,6,19994,0.9997,0.00450928,0.00014928,0.0042833,0.0047011,0,LRU,42
looping,20000,8,Optimal,6,19994,0.9997,0.0102852,0.00113046,0.0089092,0.0116578,0,Optimal,42
looping,20000,8,Clock,6,19994,0.9997,0.01518596,0.00094282,0.0137086,0.0161412,0,Clock,42
looping,20000,8,LFU,6,19994,0.9997,0.00728844,0.00071568,0.0068478,0.0085219,0,LFU,42
looping,20000,8,Adaptive_W50,6,19994,0.9997,0.03204846,0.00294644,0.0273006,0.035282,0,LRU,42
looping,20000,8,Adaptive_W100,6,19994,0.9997,0.02795996,0.00205298,0.0246244,0.0297133,0,LRU,42
